produto,semana_fim,item,valor,total,edicao
Diesel B S10,2024-04-20,Biodiesel,0.62,5.94,2024_abril_sintese-precos-n16.pdf
Diesel B S10,2024-04-20,Diesel A,3.04,5.94,2024_abril_sintese-precos-n16.pdf
Diesel B S10,2024-04-20,Margem de distribuição e revenda,0.89,5.94,2024_abril_sintese-precos-n16.pdf
Diesel B S10,2024-04-20,Tributos estaduais,1.06,5.94,2024_abril_sintese-precos-n16.pdf
Diesel B S10,2024-04-20,Tributos federais,0.32,5.94,2024_abril_sintese-precos-n16.pdf
Diesel B S10,2024-04-27,Biodiesel,0.63,5.96,2024_abril_sintese-precos-n17.pdf
Diesel B S10,2024-04-27,Diesel A,3.04,5.96,2024_abril_sintese-precos-n17.pdf
Diesel B S10,2024-04-27,Margem de distribuição e revenda,0.9,5.96,2024_abril_sintese-precos-n17.pdf
Diesel B S10,2024-04-27,Tributos estaduais,1.06,5.96,2024_abril_sintese-precos-n17.pdf
Diesel B S10,2024-04-27,Tributos federais,0.32,5.96,2024_abril_sintese-precos-n17.pdf
Diesel B S10,2024-05-04,Biodiesel,0.64,5.96,2024_maio_sintese-precos-n18.pdf
Diesel B S10,2024-05-04,Diesel A,3.26,5.96,2024_maio_sintese-precos-n18.pdf
Diesel B S10,2024-05-04,Margem de distribuição e revenda,0.68,5.96,2024_maio_sintese-precos-n18.pdf
Diesel B S10,2024-05-04,Tributos estaduais,1.06,5.96,2024_maio_sintese-precos-n18.pdf
Diesel B S10,2024-05-04,Tributos federais,0.32,5.96,2024_maio_sintese-precos-n18.pdf
Diesel B S10,2024-05-11,Biodiesel,0.63,5.96,2024_maio_sintese-precos-n19.pdf
Diesel B S10,2024-05-11,Diesel A,3.04,5.96,2024_maio_sintese-precos-n19.pdf
Diesel B S10,2024-05-11,Margem de distribuição e revenda,0.9,5.96,2024_maio_sintese-precos-n19.pdf
Diesel B S10,2024-05-11,Tributos estaduais,1.06,5.96,2024_maio_sintese-precos-n19.pdf
Diesel B S10,2024-05-11,Tributos federais,0.32,5.96,2024_maio_sintese-precos-n19.pdf
Diesel B S10,2024-05-18,Biodiesel,0.62,5.95,2024_maio_sintese-precos-n20.pdf
Diesel B S10,2024-05-18,Diesel A,3.04,5.95,2024_maio_sintese-precos-n20.pdf
Diesel B S10,2024-05-18,Margem de distribuição e revenda,0.91,5.95,2024_maio_sintese-precos-n20.pdf
Diesel B S10,2024-05-18,Tributos estaduais,1.06,5.95,2024_maio_sintese-precos-n20.pdf
Diesel B S10,2024-05-18,Tributos federais,0.32,5.95,2024_maio_sintese-precos-n20.pdf
Diesel B S10,2024-05-25,Biodiesel,0.61,5.93,2024_maio_sintese-precos-n21.pdf
Diesel B S10,2024-05-25,Diesel A,3.06,5.93,2024_maio_sintese-precos-n21.pdf
Diesel B S10,2024-05-25,Margem de distribuição e revenda,0.88,5.93,2024_maio_sintese-precos-n21.pdf
Diesel B S10,2024-05-25,Tributos estaduais,1.06,5.93,2024_maio_sintese-precos-n21.pdf
Diesel B S10,2024-05-25,Tributos federais,0.32,5.93,2024_maio_sintese-precos-n21.pdf
Diesel B S10,2024-06-08,Biodiesel,0.64,5.92,2024_junho_sintese-precos-n23.pdf
Diesel B S10,2024-06-08,Diesel A,3.04,5.92,2024_junho_sintese-precos-n23.pdf
Diesel B S10,2024-06-08,Margem de distribuição e revenda,0.86,5.92,2024_junho_sintese-precos-n23.pdf
Diesel B S10,2024-06-08,Tributos estaduais,1.06,5.92,2024_junho_sintese-precos-n23.pdf
Diesel B S10,2024-06-08,Tributos federais,0.32,5.92,2024_junho_sintese-precos-n23.pdf
Diesel B S10,2024-06-15,Biodiesel,0.64,5.92,2024_junho_sintese-precos-n24.pdf
Diesel B S10,2024-06-15,Diesel A,3.03,5.92,2024_junho_sintese-precos-n24.pdf
Diesel B S10,2024-06-15,Margem de distribuição e revenda,0.86,5.92,2024_junho_sintese-precos-n24.pdf
Diesel B S10,2024-06-15,Tributos estaduais,1.06,5.92,2024_junho_sintese-precos-n24.pdf
Diesel B S10,2024-06-15,Tributos federais,0.32,5.92,2024_junho_sintese-precos-n24.pdf
Diesel B S10,2024-06-22,Biodiesel,0.64,5.94,2024_junho_sintese-precos-n25.pdf
Diesel B S10,2024-06-22,Diesel A,3.03,5.94,2024_junho_sintese-precos-n25.pdf
Diesel B S10,2024-06-22,Margem de distribuição e revenda,0.88,5.94,2024_junho_sintese-precos-n25.pdf
Diesel B S10,2024-06-22,Tributos estaduais,1.06,5.94,2024_junho_sintese-precos-n25.pdf
Diesel B S10,2024-06-22,Tributos federais,0.32,5.94,2024_junho_sintese-precos-n25.pdf
Diesel B S10,2024-06-29,Biodiesel,0.67,5.94,2024_junho_sintese-precos-n26.pdf
Diesel B S10,2024-06-29,Diesel A,3.04,5.94,2024_junho_sintese-precos-n26.pdf
Diesel B S10,2024-06-29,Margem de distribuição e revenda,0.85,5.94,2024_junho_sintese-precos-n26.pdf
Diesel B S10,2024-06-29,Tributos estaduais,1.06,5.94,2024_junho_sintese-precos-n26.pdf
Diesel B S10,2024-06-29,Tributos federais,0.32,5.94,2024_junho_sintese-precos-n26.pdf
Diesel B S10,2024-07-06,Biodiesel,0.65,5.96,2024_julho_sintese-precos-n27.pdf
Diesel B S10,2024-07-06,Diesel A,3.04,5.96,2024_julho_sintese-precos-n27.pdf
Diesel B S10,2024-07-06,Margem de distribuição e revenda,0.88,5.96,2024_julho_sintese-precos-n27.pdf
Diesel B S10,2024-07-06,Tributos estaduais,1.06,5.96,2024_julho_sintese-precos-n27.pdf
Diesel B S10,2024-07-06,Tributos federais,0.32,5.96,2024_julho_sintese-precos-n27.pdf
Diesel B S10,2024-07-13,Biodiesel,0.67,6.01,2024_julho_sintese-precos-n28.pdf
Diesel B S10,2024-07-13,Diesel A,3.06,6.01,2024_julho_sintese-precos-n28.pdf
Diesel B S10,2024-07-13,Margem de distribuição e revenda,0.89,6.01,2024_julho_sintese-precos-n28.pdf
Diesel B S10,2024-07-13,Tributos estaduais,1.06,6.01,2024_julho_sintese-precos-n28.pdf
Diesel B S10,2024-07-13,Tributos federais,0.32,6.01,2024_julho_sintese-precos-n28.pdf
Diesel B S10,2024-07-20,Biodiesel,0.68,6.04,2024_julho_sintese-precos-n29.pdf
Diesel B S10,2024-07-20,Diesel A,3.07,6.04,2024_julho_sintese-precos-n29.pdf
Diesel B S10,2024-07-20,Margem de distribuição e revenda,0.9,6.04,2024_julho_sintese-precos-n29.pdf
Diesel B S10,2024-07-20,Tributos estaduais,1.06,6.04,2024_julho_sintese-precos-n29.pdf
Diesel B S10,2024-07-20,Tributos federais,0.32,6.04,2024_julho_sintese-precos-n29.pdf
Diesel B S10,2024-07-27,Biodiesel,0.69,6.03,2024_julho_sintese-precos-n30.pdf
Diesel B S10,2024-07-27,Diesel A,3.04,6.03,2024_julho_sintese-precos-n30.pdf
Diesel B S10,2024-07-27,Margem de distribuição e revenda,0.91,6.03,2024_julho_sintese-precos-n30.pdf
Diesel B S10,2024-07-27,Tributos estaduais,1.06,6.03,2024_julho_sintese-precos-n30.pdf
Diesel B S10,2024-07-27,Tributos federais,0.32,6.03,2024_julho_sintese-precos-n30.pdf
Diesel B S10,2024-08-03,Biodiesel,0.7,6.03,2024_julho_sintese-precos-n31.pdf
Diesel B S10,2024-08-03,Diesel A,3.06,6.03,2024_julho_sintese-precos-n31.pdf
Diesel B S10,2024-08-03,Margem de distribuição e revenda,0.88,6.03,2024_julho_sintese-precos-n31.pdf
Diesel B S10,2024-08-03,Tributos estaduais,1.06,6.03,2024_julho_sintese-precos-n31.pdf
Diesel B S10,2024-08-03,Tributos federais,0.32,6.03,2024_julho_sintese-precos-n31.pdf
Diesel B S10,2024-08-10,Biodiesel,0.71,6.03,2024_agosto_2024_08_19_nova-sintese-de-precos_semana-de-04-08-a-10-08_v2.pdf
Diesel B S10,2024-08-10,Diesel A,3.06,6.03,2024_agosto_2024_08_19_nova-sintese-de-precos_semana-de-04-08-a-10-08_v2.pdf
Diesel B S10,2024-08-10,Margem de distribuição e revenda,0.87,6.03,2024_agosto_2024_08_19_nova-sintese-de-precos_semana-de-04-08-a-10-08_v2.pdf
Diesel B S10,2024-08-10,Tributos estaduais,1.06,6.03,2024_agosto_2024_08_19_nova-sintese-de-precos_semana-de-04-08-a-10-08_v2.pdf
Diesel B S10,2024-08-10,Tributos federais,0.32,6.03,2024_agosto_2024_08_19_nova-sintese-de-precos_semana-de-04-08-a-10-08_v2.pdf
Diesel B S10,2024-08-17,Biodiesel,0.72,6.02,2024_agosto_sintese-precos-n33.pdf
Diesel B S10,2024-08-17,Diesel A,3.05,6.02,2024_agosto_sintese-precos-n33.pdf
Diesel B S10,2024-08-17,Margem de distribuição e revenda,0.87,6.02,2024_agosto_sintese-precos-n33.pdf
Diesel B S10,2024-08-17,Tributos estaduais,1.06,6.02,2024_agosto_sintese-precos-n33.pdf
Diesel B S10,2024-08-17,Tributos federais,0.32,6.02,2024_agosto_sintese-precos-n33.pdf
Diesel B S10,2024-08-24,Biodiesel,0.7,6.02,2024_agosto_sintese-precos-n34.pdf
Diesel B S10,2024-08-24,Diesel A,3.05,6.02,2024_agosto_sintese-precos-n34.pdf
Diesel B S10,2024-08-24,Margem de distribuição e revenda,0.88,6.02,2024_agosto_sintese-precos-n34.pdf
Diesel B S10,2024-08-24,Tributos estaduais,1.06,6.02,2024_agosto_sintese-precos-n34.pdf
Diesel B S10,2024-08-24,Tributos federais,0.32,6.02,2024_agosto_sintese-precos-n34.pdf
Diesel B S10,2024-08-31,Biodiesel,0.69,6.02,2024_agosto_sintese-precos-n35.pdf
Diesel B S10,2024-08-31,Diesel A,3.07,6.02,2024_agosto_sintese-precos-n35.pdf
Diesel B S10,2024-08-31,Margem de distribuição e revenda,0.87,6.02,2024_agosto_sintese-precos-n35.pdf
Diesel B S10,2024-08-31,Tributos estaduais,1.06,6.02,2024_agosto_sintese-precos-n35.pdf
Diesel B S10,2024-08-31,Tributos federais,0.32,6.02,2024_agosto_sintese-precos-n35.pdf
Diesel B S10,2024-09-07,Biodiesel,0.69,6.02,2024_setembro_sintese-precos-n36.pdf
Diesel B S10,2024-09-07,Diesel A,3.05,6.02,2024_setembro_sintese-precos-n36.pdf
Diesel B S10,2024-09-07,Margem de distribuição e revenda,0.9,6.02,2024_setembro_sintese-precos-n36.pdf
Diesel B S10,2024-09-07,Tributos estaduais,1.06,6.02,2024_setembro_sintese-precos-n36.pdf
Diesel B S10,2024-09-07,Tributos federais,0.32,6.02,2024_setembro_sintese-precos-n36.pdf
Diesel B S10,2024-09-14,Biodiesel,0.7,6.03,2024_setembro_sintese-precos-n37.pdf
Diesel B S10,2024-09-14,Diesel A,3.06,6.03,2024_setembro_sintese-precos-n37.pdf
Diesel B S10,2024-09-14,Margem de distribuição e revenda,0.89,6.03,2024_setembro_sintese-precos-n37.pdf
Diesel B S10,2024-09-14,Tributos estaduais,1.06,6.03,2024_setembro_sintese-precos-n37.pdf
Diesel B S10,2024-09-14,Tributos federais,0.32,6.03,2024_setembro_sintese-precos-n37.pdf
Diesel B S10,2024-09-21,Biodiesel,0.71,6.01,2024_setembro_sintese-precos-n38.pdf
Diesel B S10,2024-09-21,Diesel A,3.03,6.01,2024_setembro_sintese-precos-n38.pdf
Diesel B S10,2024-09-21,Margem de distribuição e revenda,0.88,6.01,2024_setembro_sintese-precos-n38.pdf
Diesel B S10,2024-09-21,Tributos estaduais,1.06,6.01,2024_setembro_sintese-precos-n38.pdf
Diesel B S10,2024-09-21,Tributos federais,0.32,6.01,2024_setembro_sintese-precos-n38.pdf
Diesel B S10,2024-09-28,Biodiesel,0.68,6.01,2024_setembro_sintese-precos-n39.pdf
Diesel B S10,2024-09-28,Diesel A,3.06,6.01,2024_setembro_sintese-precos-n39.pdf
Diesel B S10,2024-09-28,Margem de distribuição e revenda,0.88,6.01,2024_setembro_sintese-precos-n39.pdf
Diesel B S10,2024-09-28,Tributos estaduais,1.06,6.01,2024_setembro_sintese-precos-n39.pdf
Diesel B S10,2024-09-28,Tributos federais,0.32,6.01,2024_setembro_sintese-precos-n39.pdf
Diesel B S10,2024-10-05,Biodiesel,0.72,6.01,2024_setembro_sintese-precos-n40.pdf
Diesel B S10,2024-10-05,Diesel A,3.08,6.01,2024_setembro_sintese-precos-n40.pdf
Diesel B S10,2024-10-05,Margem de distribuição e revenda,0.82,6.01,2024_setembro_sintese-precos-n40.pdf
Diesel B S10,2024-10-05,Tributos estaduais,1.06,6.01,2024_setembro_sintese-precos-n40.pdf
Diesel B S10,2024-10-05,Tributos federais,0.32,6.01,2024_setembro_sintese-precos-n40.pdf
Diesel B S10,2024-10-12,Biodiesel,0.74,6.01,2024_outubro_sintese-precos-n41.pdf
Diesel B S10,2024-10-12,Diesel A,3.02,6.01,2024_outubro_sintese-precos-n41.pdf
Diesel B S10,2024-10-12,Margem de distribuição e revenda,0.86,6.01,2024_outubro_sintese-precos-n41.pdf
Diesel B S10,2024-10-12,Tributos estaduais,1.06,6.01,2024_outubro_sintese-precos-n41.pdf
Diesel B S10,2024-10-12,Tributos federais,0.32,6.01,2024_outubro_sintese-precos-n41.pdf
Diesel B S10,2024-10-19,Biodiesel,0.75,6.02,2024_outubro_sintese-precos-n42.pdf
Diesel B S10,2024-10-19,Diesel A,3.05,6.02,2024_outubro_sintese-precos-n42.pdf
Diesel B S10,2024-10-19,Margem de distribuição e revenda,0.83,6.02,2024_outubro_sintese-precos-n42.pdf
Diesel B S10,2024-10-19,Tributos estaduais,1.06,6.02,2024_outubro_sintese-precos-n42.pdf
Diesel B S10,2024-10-19,Tributos federais,0.32,6.02,2024_outubro_sintese-precos-n42.pdf
Diesel B S10,2024-10-26,Biodiesel,0.76,6.02,2024_outubro_sintese-precos-n43.pdf
Diesel B S10,2024-10-26,Diesel A,3.04,6.02,2024_outubro_sintese-precos-n43.pdf
Diesel B S10,2024-10-26,Margem de distribuição e revenda,0.84,6.02,2024_outubro_sintese-precos-n43.pdf
Diesel B S10,2024-10-26,Tributos estaduais,1.06,6.02,2024_outubro_sintese-precos-n43.pdf
Diesel B S10,2024-10-26,Tributos federais,0.32,6.02,2024_outubro_sintese-precos-n43.pdf
Diesel B S10,2024-11-02,Biodiesel,0.78,6.03,2024_outubro_sintese-precos-n44.pdf
Diesel B S10,2024-11-02,Diesel A,3.04,6.03,2024_outubro_sintese-precos-n44.pdf
Diesel B S10,2024-11-02,Margem de distribuição e revenda,0.82,6.03,2024_outubro_sintese-precos-n44.pdf
Diesel B S10,2024-11-02,Tributos estaduais,1.06,6.03,2024_outubro_sintese-precos-n44.pdf
Diesel B S10,2024-11-02,Tributos federais,0.32,6.03,2024_outubro_sintese-precos-n44.pdf
Diesel B S10,2024-11-09,Biodiesel,0.81,6.03,2024_novembro_sintese-precos-n45.pdf
Diesel B S10,2024-11-09,Diesel A,3.03,6.03,2024_novembro_sintese-precos-n45.pdf
Diesel B S10,2024-11-09,Margem de distribuição e revenda,0.81,6.03,2024_novembro_sintese-precos-n45.pdf
Diesel B S10,2024-11-09,Tributos estaduais,1.06,6.03,2024_novembro_sintese-precos-n45.pdf
Diesel B S10,2024-11-09,Tributos federais,0.32,6.03,2024_novembro_sintese-precos-n45.pdf
Diesel B S10,2024-11-16,Biodiesel,0.85,6.05,2024_novembro_sintese-precos-n46.pdf
Diesel B S10,2024-11-16,Diesel A,3.06,6.05,2024_novembro_sintese-precos-n46.pdf
Diesel B S10,2024-11-16,Margem de distribuição e revenda,0.76,6.05,2024_novembro_sintese-precos-n46.pdf
Diesel B S10,2024-11-16,Tributos estaduais,1.06,6.05,2024_novembro_sintese-precos-n46.pdf
Diesel B S10,2024-11-16,Tributos federais,0.32,6.05,2024_novembro_sintese-precos-n46.pdf
Diesel B S10,2024-11-23,Biodiesel,0.87,6.05,2024_novembro_sintese-precos-n47.pdf
Diesel B S10,2024-11-23,Diesel A,3.05,6.05,2024_novembro_sintese-precos-n47.pdf
Diesel B S10,2024-11-23,Margem de distribuição e revenda,0.74,6.05,2024_novembro_sintese-precos-n47.pdf
Diesel B S10,2024-11-23,Tributos estaduais,1.06,6.05,2024_novembro_sintese-precos-n47.pdf
Diesel B S10,2024-11-23,Tributos federais,0.32,6.05,2024_novembro_sintese-precos-n47.pdf
Diesel B S10,2024-11-30,Biodiesel,0.89,6.06,2024_novembro_sintese-precos-n48.pdf
Diesel B S10,2024-11-30,Diesel A,3.03,6.06,2024_novembro_sintese-precos-n48.pdf
Diesel B S10,2024-11-30,Margem de distribuição e revenda,0.75,6.06,2024_novembro_sintese-precos-n48.pdf
Diesel B S10,2024-11-30,Tributos estaduais,1.06,6.06,2024_novembro_sintese-precos-n48.pdf
Diesel B S10,2024-11-30,Tributos federais,0.32,6.06,2024_novembro_sintese-precos-n48.pdf
Diesel B S10,2024-12-07,Biodiesel,0.88,6.1,2024_dezembro_sintese-precos-n49.pdf
Diesel B S10,2024-12-07,Diesel A,3.05,6.1,2024_dezembro_sintese-precos-n49.pdf
Diesel B S10,2024-12-07,Margem de distribuição e revenda,0.78,6.1,2024_dezembro_sintese-precos-n49.pdf
Diesel B S10,2024-12-07,Tributos estaduais,1.06,6.1,2024_dezembro_sintese-precos-n49.pdf
Diesel B S10,2024-12-07,Tributos federais,0.32,6.1,2024_dezembro_sintese-precos-n49.pdf
Diesel B S10,2024-12-14,Biodiesel,0.88,6.11,2024_dezembro_sintese-precos-n50.pdf
Diesel B S10,2024-12-14,Diesel A,3.03,6.11,2024_dezembro_sintese-precos-n50.pdf
Diesel B S10,2024-12-14,Margem de distribuição e revenda,0.82,6.11,2024_dezembro_sintese-precos-n50.pdf
Diesel B S10,2024-12-14,Tributos estaduais,1.06,6.11,2024_dezembro_sintese-precos-n50.pdf
Diesel B S10,2024-12-14,Tributos federais,0.32,6.11,2024_dezembro_sintese-precos-n50.pdf
Diesel B S10,2024-12-21,Biodiesel,0.86,6.11,2024_dezembro_sintese-semana-15-a-21-12-24.pdf
Diesel B S10,2024-12-21,Diesel A,3.06,6.11,2024_dezembro_sintese-semana-15-a-21-12-24.pdf
Diesel B S10,2024-12-21,Margem de distribuição e revenda,0.8,6.11,2024_dezembro_sintese-semana-15-a-21-12-24.pdf
Diesel B S10,2024-12-21,Tributos estaduais,1.06,6.11,2024_dezembro_sintese-semana-15-a-21-12-24.pdf
Diesel B S10,2024-12-21,Tributos federais,0.32,6.11,2024_dezembro_sintese-semana-15-a-21-12-24.pdf
Diesel B S10,2024-12-28,Biodiesel,0.87,6.13,2024_dezembro_sintese-semana-22-a-28-12-24.pdf
Diesel B S10,2024-12-28,Diesel A,3.14,6.13,2024_dezembro_sintese-semana-22-a-28-12-24.pdf
Diesel B S10,2024-12-28,Margem de distribuição e revenda,0.73,6.13,2024_dezembro_sintese-semana-22-a-28-12-24.pdf
Diesel B S10,2024-12-28,Tributos estaduais,1.06,6.13,2024_dezembro_sintese-semana-22-a-28-12-24.pdf
Diesel B S10,2024-12-28,Tributos federais,0.32,6.13,2024_dezembro_sintese-semana-22-a-28-12-24.pdf
Diesel B S10,2025-01-25,Biodiesel,0.81,6.17,2025_janeiro_sintese-precos-04.pdf
Diesel B S10,2025-01-25,Diesel A,3.11,6.17,2025_janeiro_sintese-precos-04.pdf
Diesel B S10,2025-01-25,Margem de distribuição e revenda,0.86,6.17,2025_janeiro_sintese-precos-04.pdf
Diesel B S10,2025-01-25,Tributos estaduais,1.06,6.17,2025_janeiro_sintese-precos-04.pdf
Diesel B S10,2025-01-25,Tributos federais,0.32,6.17,2025_janeiro_sintese-precos-04.pdf
Diesel B S10,2025-02-01,Biodiesel,0.82,6.18,2025_janeiro_sintese-precos-n05.pdf
Diesel B S10,2025-02-01,Diesel A,3.07,6.18,2025_janeiro_sintese-precos-n05.pdf
Diesel B S10,2025-02-01,Margem de distribuição e revenda,0.9,6.18,2025_janeiro_sintese-precos-n05.pdf
Diesel B S10,2025-02-01,Tributos estaduais,1.06,6.18,2025_janeiro_sintese-precos-n05.pdf
Diesel B S10,2025-02-01,Tributos federais,0.32,6.18,2025_janeiro_sintese-precos-n05.pdf
Diesel B S10,2025-02-08,Biodiesel,0.83,6.44,2025_fevereiro_sintese-precos-n06.pdf
Diesel B S10,2025-02-08,Diesel A,3.13,6.44,2025_fevereiro_sintese-precos-n06.pdf
Diesel B S10,2025-02-08,Margem de distribuição e revenda,1.03,6.44,2025_fevereiro_sintese-precos-n06.pdf
Diesel B S10,2025-02-08,Tributos estaduais,1.12,6.44,2025_fevereiro_sintese-precos-n06.pdf
Diesel B S10,2025-02-08,Tributos federais,0.32,6.44,2025_fevereiro_sintese-precos-n06.pdf
Diesel B S10,2025-02-15,Biodiesel,0.81,6.47,2025_fevereiro_sintese-precos-n07.pdf
Diesel B S10,2025-02-15,Diesel A,3.24,6.47,2025_fevereiro_sintese-precos-n07.pdf
Diesel B S10,2025-02-15,Margem de distribuição e revenda,0.98,6.47,2025_fevereiro_sintese-precos-n07.pdf
Diesel B S10,2025-02-15,Tributos estaduais,1.12,6.47,2025_fevereiro_sintese-precos-n07.pdf
Diesel B S10,2025-02-15,Tributos federais,0.32,6.47,2025_fevereiro_sintese-precos-n07.pdf
Diesel B S10,2025-02-22,Biodiesel,0.81,6.47,2025_fevereiro_sintese-precos-n08.pdf
Diesel B S10,2025-02-22,Diesel A,3.21,6.47,2025_fevereiro_sintese-precos-n08.pdf
Diesel B S10,2025-02-22,Margem de distribuição e revenda,1.01,6.47,2025_fevereiro_sintese-precos-n08.pdf
Diesel B S10,2025-02-22,Tributos estaduais,1.12,6.47,2025_fevereiro_sintese-precos-n08.pdf
Diesel B S10,2025-02-22,Tributos federais,0.32,6.47,2025_fevereiro_sintese-precos-n08.pdf
Diesel B S10,2025-03-01,Biodiesel,0.82,6.46,2025_fevereiro_sintese-precos-n09.pdf
Diesel B S10,2025-03-01,Diesel A,3.2,6.46,2025_fevereiro_sintese-precos-n09.pdf
Diesel B S10,2025-03-01,Margem de distribuição e revenda,1,6.46,2025_fevereiro_sintese-precos-n09.pdf
Diesel B S10,2025-03-01,Tributos estaduais,1.12,6.46,2025_fevereiro_sintese-precos-n09.pdf
Diesel B S10,2025-03-01,Tributos federais,0.32,6.46,2025_fevereiro_sintese-precos-n09.pdf
Diesel B S10,2025-03-08,Biodiesel,0.81,6.44,2025_fevereiro_sintese-precos-n10.pdf
Diesel B S10,2025-03-08,Diesel A,3.27,6.44,2025_fevereiro_sintese-precos-n10.pdf
Diesel B S10,2025-03-08,Margem de distribuição e revenda,0.91,6.44,2025_fevereiro_sintese-precos-n10.pdf
Diesel B S10,2025-03-08,Tributos estaduais,1.12,6.44,2025_fevereiro_sintese-precos-n10.pdf
Diesel B S10,2025-03-08,Tributos federais,0.32,6.44,2025_fevereiro_sintese-precos-n10.pdf
Diesel B S10,2025-03-15,Biodiesel,0.79,6.43,2025_marco_sintese-precos-n11.pdf
Diesel B S10,2025-03-15,Diesel A,3.2,6.43,2025_marco_sintese-precos-n11.pdf
Diesel B S10,2025-03-15,Margem de distribuição e revenda,1,6.43,2025_marco_sintese-precos-n11.pdf
Diesel B S10,2025-03-15,Tributos estaduais,1.12,6.43,2025_marco_sintese-precos-n11.pdf
Diesel B S10,2025-03-15,Tributos federais,0.32,6.43,2025_marco_sintese-precos-n11.pdf
Diesel B S10,2025-03-22,Biodiesel,0.79,6.43,2025_marco_sintese-precos-n12.pdf
Diesel B S10,2025-03-22,Diesel A,3.24,6.43,2025_marco_sintese-precos-n12.pdf
Diesel B S10,2025-03-22,Margem de distribuição e revenda,0.96,6.43,2025_marco_sintese-precos-n12.pdf
Diesel B S10,2025-03-22,Tributos estaduais,1.12,6.43,2025_marco_sintese-precos-n12.pdf
Diesel B S10,2025-03-22,Tributos federais,0.32,6.43,2025_marco_sintese-precos-n12.pdf
Diesel B S10,2025-03-29,Biodiesel,0.78,6.4,2025_marco_sintese-precos-n13.pdf
Diesel B S10,2025-03-29,Diesel A,3.2,6.4,2025_marco_sintese-precos-n13.pdf
Diesel B S10,2025-03-29,Margem de distribuição e revenda,0.97,6.4,2025_marco_sintese-precos-n13.pdf
Diesel B S10,2025-03-29,Tributos estaduais,1.12,6.4,2025_marco_sintese-precos-n13.pdf
Diesel B S10,2025-03-29,Tributos federais,0.32,6.4,2025_marco_sintese-precos-n13.pdf
Diesel B S10,2025-04-05,Biodiesel,0.77,6.38,2025_marco_sintese-precos-n14.pdf
Diesel B S10,2025-04-05,Diesel A,3.22,6.38,2025_marco_sintese-precos-n14.pdf
Diesel B S10,2025-04-05,Margem de distribuição e revenda,0.95,6.38,2025_marco_sintese-precos-n14.pdf
Diesel B S10,2025-04-05,Tributos estaduais,1.12,6.38,2025_marco_sintese-precos-n14.pdf
Diesel B S10,2025-04-05,Tributos federais,0.32,6.38,2025_marco_sintese-precos-n14.pdf
Diesel B S10,2025-04-12,Biodiesel,0.75,6.33,2025_marco_sintese-precos-n15.pdf
Diesel B S10,2025-04-12,Diesel A,3.14,6.33,2025_marco_sintese-precos-n15.pdf
Diesel B S10,2025-04-12,Margem de distribuição e revenda,1,6.33,2025_marco_sintese-precos-n15.pdf
Diesel B S10,2025-04-12,Tributos estaduais,1.12,6.33,2025_marco_sintese-precos-n15.pdf
Diesel B S10,2025-04-12,Tributos federais,0.32,6.33,2025_marco_sintese-precos-n15.pdf
Diesel B S10,2025-04-19,Biodiesel,0.76,6.28,2025_marco_sintese-precos-n16.pdf
Diesel B S10,2025-04-19,Diesel A,3.09,6.28,2025_marco_sintese-precos-n16.pdf
Diesel B S10,2025-04-19,Margem de distribuição e revenda,0.99,6.28,2025_marco_sintese-precos-n16.pdf
Diesel B S10,2025-04-19,Tributos estaduais,1.12,6.28,2025_marco_sintese-precos-n16.pdf
Diesel B S10,2025-04-19,Tributos federais,0.32,6.28,2025_marco_sintese-precos-n16.pdf
Diesel B S10,2025-04-26,Biodiesel,0.76,6.26,2025_marco_sintese-precos-n17.pdf
Diesel B S10,2025-04-26,Diesel A,3,6.26,2025_marco_sintese-precos-n17.pdf
Diesel B S10,2025-04-26,Margem de distribuição e revenda,1.06,6.26,2025_marco_sintese-precos-n17.pdf
Diesel B S10,2025-04-26,Tributos estaduais,1.12,6.26,2025_marco_sintese-precos-n17.pdf
Diesel B S10,2025-04-26,Tributos federais,0.32,6.26,2025_marco_sintese-precos-n17.pdf
Diesel B S10,2025-05-03,Biodiesel,0.77,6.22,2025_maio_sintese-precos-n18.pdf
Diesel B S10,2025-05-03,Diesel A,2.98,6.22,2025_maio_sintese-precos-n18.pdf
Diesel B S10,2025-05-03,Margem de distribuição e revenda,1.03,6.22,2025_maio_sintese-precos-n18.pdf
Diesel B S10,2025-05-03,Tributos estaduais,1.12,6.22,2025_maio_sintese-precos-n18.pdf
Diesel B S10,2025-05-03,Tributos federais,0.32,6.22,2025_maio_sintese-precos-n18.pdf
Diesel B S10,2025-05-10,Biodiesel,0.77,6.19,2025_maio_sintese-precos-n19.pdf
Diesel B S10,2025-05-10,Diesel A,3,6.19,2025_maio_sintese-precos-n19.pdf
Diesel B S10,2025-05-10,Margem de distribuição e revenda,0.98,6.19,2025_maio_sintese-precos-n19.pdf
Diesel B S10,2025-05-10,Tributos estaduais,1.12,6.19,2025_maio_sintese-precos-n19.pdf
Diesel B S10,2025-05-10,Tributos federais,0.32,6.19,2025_maio_sintese-precos-n19.pdf
Diesel B S10,2025-05-17,Biodiesel,0.74,6.14,2025_maio_sintese-precos-n20.pdf
Diesel B S10,2025-05-17,Diesel A,2.87,6.14,2025_maio_sintese-precos-n20.pdf
Diesel B S10,2025-05-17,Margem de distribuição e revenda,1.09,6.14,2025_maio_sintese-precos-n20.pdf
Diesel B S10,2025-05-17,Tributos estaduais,1.12,6.14,2025_maio_sintese-precos-n20.pdf
Diesel B S10,2025-05-17,Tributos federais,0.32,6.14,2025_maio_sintese-precos-n20.pdf
Diesel B S10,2025-05-24,Biodiesel,0.73,6.1,2025_maio_sintese-precos-n21.pdf
Diesel B S10,2025-05-24,Diesel A,2.84,6.1,2025_maio_sintese-precos-n21.pdf
Diesel B S10,2025-05-24,Margem de distribuição e revenda,1.09,6.1,2025_maio_sintese-precos-n21.pdf
Diesel B S10,2025-05-24,Tributos estaduais,1.12,6.1,2025_maio_sintese-precos-n21.pdf
Diesel B S10,2025-05-24,Tributos federais,0.32,6.1,2025_maio_sintese-precos-n21.pdf
Diesel B S10,2025-05-31,Biodiesel,0.74,6.06,2025_maio_sintese-precos-n22.pdf
Diesel B S10,2025-05-31,Diesel A,2.83,6.06,2025_maio_sintese-precos-n22.pdf
Diesel B S10,2025-05-31,Margem de distribuição e revenda,1.05,6.06,2025_maio_sintese-precos-n22.pdf
Diesel B S10,2025-05-31,Tributos estaduais,1.12,6.06,2025_maio_sintese-precos-n22.pdf
Diesel B S10,2025-05-31,Tributos federais,0.32,6.06,2025_maio_sintese-precos-n22.pdf
Diesel B S10,2025-06-07,Biodiesel,0.74,6.05,2025_junho_sintese-precos-n23.pdf
Diesel B S10,2025-06-07,Diesel A,2.85,6.05,2025_junho_sintese-precos-n23.pdf
Diesel B S10,2025-06-07,Margem de distribuição e revenda,1.01,6.05,2025_junho_sintese-precos-n23.pdf
Diesel B S10,2025-06-07,Tributos estaduais,1.12,6.05,2025_junho_sintese-precos-n23.pdf
Diesel B S10,2025-06-07,Tributos federais,0.32,6.05,2025_junho_sintese-precos-n23.pdf
Diesel B S10,2025-06-14,Biodiesel,0.74,6.02,2025_junho_sintese-precos-n24.pdf
Diesel B S10,2025-06-14,Diesel A,2.82,6.02,2025_junho_sintese-precos-n24.pdf
Diesel B S10,2025-06-14,Margem de distribuição e revenda,1.02,6.02,2025_junho_sintese-precos-n24.pdf
Diesel B S10,2025-06-14,Tributos estaduais,1.12,6.02,2025_junho_sintese-precos-n24.pdf
Diesel B S10,2025-06-14,Tributos federais,0.32,6.02,2025_junho_sintese-precos-n24.pdf
Diesel B S10,2025-06-21,Biodiesel,0.72,6.02,2025_junho_sintese-precos-n25.pdf
Diesel B S10,2025-06-21,Diesel A,2.88,6.02,2025_junho_sintese-precos-n25.pdf
Diesel B S10,2025-06-21,Margem de distribuição e revenda,0.98,6.02,2025_junho_sintese-precos-n25.pdf
Diesel B S10,2025-06-21,Tributos estaduais,1.12,6.02,2025_junho_sintese-precos-n25.pdf
Diesel B S10,2025-06-21,Tributos federais,0.32,6.02,2025_junho_sintese-precos-n25.pdf
Diesel B S10,2025-06-28,Biodiesel,0.72,6.05,2025_junho_sintese-precos-n26.pdf
Diesel B S10,2025-06-28,Diesel A,2.87,6.05,2025_junho_sintese-precos-n26.pdf
Diesel B S10,2025-06-28,Margem de distribuição e revenda,1.01,6.05,2025_junho_sintese-precos-n26.pdf
Diesel B S10,2025-06-28,Tributos estaduais,1.12,6.05,2025_junho_sintese-precos-n26.pdf
Diesel B S10,2025-06-28,Tributos federais,0.32,6.05,2025_junho_sintese-precos-n26.pdf
Diesel B S10,2025-07-05,Biodiesel,0.73,6.05,2025_junho_sintese-precos-n27.pdf
Diesel B S10,2025-07-05,Diesel A,2.83,6.05,2025_junho_sintese-precos-n27.pdf
Diesel B S10,2025-07-05,Margem de distribuição e revenda,1.05,6.05,2025_junho_sintese-precos-n27.pdf
Diesel B S10,2025-07-05,Tributos estaduais,1.12,6.05,2025_junho_sintese-precos-n27.pdf
Diesel B S10,2025-07-05,Tributos federais,0.32,6.05,2025_junho_sintese-precos-n27.pdf
Diesel B S10,2025-07-12,Biodiesel,0.73,6.04,2025_julho_sintese-precos-n28.pdf
Diesel B S10,2025-07-12,Diesel A,2.85,6.04,2025_julho_sintese-precos-n28.pdf
Diesel B S10,2025-07-12,Margem de distribuição e revenda,1.03,6.04,2025_julho_sintese-precos-n28.pdf
Diesel B S10,2025-07-12,Tributos estaduais,1.12,6.04,2025_julho_sintese-precos-n28.pdf
Diesel B S10,2025-07-12,Tributos federais,0.32,6.04,2025_julho_sintese-precos-n28.pdf
Diesel B S10,2025-07-19,Biodiesel,0.74,6.03,2025_julho_sintese-precos-n29.pdf
Diesel B S10,2025-07-19,Diesel A,2.89,6.03,2025_julho_sintese-precos-n29.pdf
Diesel B S10,2025-07-19,Margem de distribuição e revenda,0.96,6.03,2025_julho_sintese-precos-n29.pdf
Diesel B S10,2025-07-19,Tributos estaduais,1.12,6.03,2025_julho_sintese-precos-n29.pdf
Diesel B S10,2025-07-19,Tributos federais,0.32,6.03,2025_julho_sintese-precos-n29.pdf
Diesel B S10,2025-07-26,Biodiesel,0.74,6.03,2025_julho_sintese-precos-n30.pdf
Diesel B S10,2025-07-26,Diesel A,2.82,6.03,2025_julho_sintese-precos-n30.pdf
Diesel B S10,2025-07-26,Margem de distribuição e revenda,1.02,6.03,2025_julho_sintese-precos-n30.pdf
Diesel B S10,2025-07-26,Tributos estaduais,1.12,6.03,2025_julho_sintese-precos-n30.pdf
Diesel B S10,2025-07-26,Tributos federais,0.32,6.03,2025_julho_sintese-precos-n30.pdf
Diesel B S10,2025-08-02,Biodiesel,0.81,6.04,2025_julho_sintese-precos-n31.pdf
Diesel B S10,2025-08-02,Diesel A,2.82,6.04,2025_julho_sintese-precos-n31.pdf
Diesel B S10,2025-08-02,Margem de distribuição e revenda,0.97,6.04,2025_julho_sintese-precos-n31.pdf
Diesel B S10,2025-08-02,Tributos estaduais,1.12,6.04,2025_julho_sintese-precos-n31.pdf
Diesel B S10,2025-08-02,Tributos federais,0.32,6.04,2025_julho_sintese-precos-n31.pdf
Diesel B S10,2025-08-09,Biodiesel,0.83,6.06,2025_agosto_sintese-precos-n32.pdf
Diesel B S10,2025-08-09,Diesel A,2.82,6.06,2025_agosto_sintese-precos-n32.pdf
Diesel B S10,2025-08-09,Margem de distribuição e revenda,0.97,6.06,2025_agosto_sintese-precos-n32.pdf
Diesel B S10,2025-08-09,Tributos estaduais,1.12,6.06,2025_agosto_sintese-precos-n32.pdf
Diesel B S10,2025-08-09,Tributos federais,0.32,6.06,2025_agosto_sintese-precos-n32.pdf
Diesel B S10,2025-08-16,Biodiesel,0.84,6.06,2025_agosto_sintese-precos-n33.pdf
Diesel B S10,2025-08-16,Diesel A,2.83,6.06,2025_agosto_sintese-precos-n33.pdf
Diesel B S10,2025-08-16,Margem de distribuição e revenda,0.95,6.06,2025_agosto_sintese-precos-n33.pdf
Diesel B S10,2025-08-16,Tributos estaduais,1.12,6.06,2025_agosto_sintese-precos-n33.pdf
Diesel B S10,2025-08-16,Tributos federais,0.32,6.06,2025_agosto_sintese-precos-n33.pdf
Diesel B S10,2025-08-23,Biodiesel,0.83,6.07,2025_agosto_sintese-precos-n34.pdf
Diesel B S10,2025-08-23,Diesel A,2.84,6.07,2025_agosto_sintese-precos-n34.pdf
Diesel B S10,2025-08-23,Margem de distribuição e revenda,0.96,6.07,2025_agosto_sintese-precos-n34.pdf
Diesel B S10,2025-08-23,Tributos estaduais,1.12,6.07,2025_agosto_sintese-precos-n34.pdf
Diesel B S10,2025-08-23,Tributos federais,0.32,6.07,2025_agosto_sintese-precos-n34.pdf
Diesel B S10,2025-08-30,Biodiesel,0.82,6.07,2025_agosto_sintese-precos-n35.pdf
Diesel B S10,2025-08-30,Diesel A,2.9,6.07,2025_agosto_sintese-precos-n35.pdf
Diesel B S10,2025-08-30,Margem de distribuição e revenda,0.91,6.07,2025_agosto_sintese-precos-n35.pdf
Diesel B S10,2025-08-30,Tributos estaduais,1.12,6.07,2025_agosto_sintese-precos-n35.pdf
Diesel B S10,2025-08-30,Tributos federais,0.32,6.07,2025_agosto_sintese-precos-n35.pdf
Diesel B S10,2025-09-06,Biodiesel,0.82,6.06,2025_setembro_sintese-precos-36.pdf
Diesel B S10,2025-09-06,Diesel A,2.89,6.06,2025_setembro_sintese-precos-36.pdf
Diesel B S10,2025-09-06,Margem de distribuição e revenda,0.9,6.06,2025_setembro_sintese-precos-36.pdf
Diesel B S10,2025-09-06,Tributos estaduais,1.12,6.06,2025_setembro_sintese-precos-36.pdf
Diesel B S10,2025-09-06,Tributos federais,0.32,6.06,2025_setembro_sintese-precos-36.pdf
Diesel B S10,2025-09-13,Biodiesel,0.85,6.06,2025_setembro_sintese-precos-37.pdf
Diesel B S10,2025-09-13,Diesel A,2.89,6.06,2025_setembro_sintese-precos-37.pdf
Diesel B S10,2025-09-13,Margem de distribuição e revenda,0.89,6.06,2025_setembro_sintese-precos-37.pdf
Diesel B S10,2025-09-13,Tributos estaduais,1.12,6.06,2025_setembro_sintese-precos-37.pdf
Diesel B S10,2025-09-13,Tributos federais,0.32,6.06,2025_setembro_sintese-precos-37.pdf
Diesel B S10,2025-09-20,Biodiesel,0.85,6.06,2025_setembro_sintese-precos-38.pdf
Diesel B S10,2025-09-20,Diesel A,2.78,6.06,2025_setembro_sintese-precos-38.pdf
Diesel B S10,2025-09-20,Margem de distribuição e revenda,0.98,6.06,2025_setembro_sintese-precos-38.pdf
Diesel B S10,2025-09-20,Tributos estaduais,1.12,6.06,2025_setembro_sintese-precos-38.pdf
Diesel B S10,2025-09-20,Tributos federais,0.32,6.06,2025_setembro_sintese-precos-38.pdf
Diesel B S10,2025-09-27,Biodiesel,0.86,6.06,2025_setembro_sintese-precos-39.pdf
Diesel B S10,2025-09-27,Diesel A,2.86,6.06,2025_setembro_sintese-precos-39.pdf
Diesel B S10,2025-09-27,Margem de distribuição e revenda,0.91,6.06,2025_setembro_sintese-precos-39.pdf
Diesel B S10,2025-09-27,Tributos estaduais,1.12,6.06,2025_setembro_sintese-precos-39.pdf
Diesel B S10,2025-09-27,Tributos federais,0.32,6.06,2025_setembro_sintese-precos-39.pdf
Diesel B S10,2025-10-04,Biodiesel,0.86,6.06,2025_setembro_sintese-precos-40.pdf
Diesel B S10,2025-10-04,Diesel A,2.88,6.06,2025_setembro_sintese-precos-40.pdf
Diesel B S10,2025-10-04,Margem de distribuição e revenda,0.87,6.06,2025_setembro_sintese-precos-40.pdf
Diesel B S10,2025-10-04,Tributos estaduais,1.12,6.06,2025_setembro_sintese-precos-40.pdf
Diesel B S10,2025-10-04,Tributos federais,0.32,6.06,2025_setembro_sintese-precos-40.pdf
Diesel B S10,2025-10-11,Biodiesel,0.85,6.06,2025_outubro_sintese-precos-41.pdf
Diesel B S10,2025-10-11,Diesel A,2.83,6.06,2025_outubro_sintese-precos-41.pdf
Diesel B S10,2025-10-11,Margem de distribuição e revenda,0.93,6.06,2025_outubro_sintese-precos-41.pdf
Diesel B S10,2025-10-11,Tributos estaduais,1.12,6.06,2025_outubro_sintese-precos-41.pdf
Diesel B S10,2025-10-11,Tributos federais,0.32,6.06,2025_outubro_sintese-precos-41.pdf
Diesel B S10,2025-10-18,Biodiesel,0.85,6.06,2025_outubro_sintese-precos-42.pdf
Diesel B S10,2025-10-18,Diesel A,2.86,6.06,2025_outubro_sintese-precos-42.pdf
Diesel B S10,2025-10-18,Margem de distribuição e revenda,0.92,6.06,2025_outubro_sintese-precos-42.pdf
Diesel B S10,2025-10-18,Tributos estaduais,1.12,6.06,2025_outubro_sintese-precos-42.pdf
Diesel B S10,2025-10-18,Tributos federais,0.32,6.06,2025_outubro_sintese-precos-42.pdf
Diesel B S10,2025-10-25,Biodiesel,0.86,6.05,2025_outubro_sintese-precos-43.pdf
Diesel B S10,2025-10-25,Diesel A,2.92,6.05,2025_outubro_sintese-precos-43.pdf
Diesel B S10,2025-10-25,Margem de distribuição e revenda,0.83,6.05,2025_outubro_sintese-precos-43.pdf
Diesel B S10,2025-10-25,Tributos estaduais,1.12,6.05,2025_outubro_sintese-precos-43.pdf
Diesel B S10,2025-10-25,Tributos federais,0.32,6.05,2025_outubro_sintese-precos-43.pdf
Diesel B S10,2025-11-08,Biodiesel,0.87,6.07,2025_novembro_sinteseprecos45.pdf
Diesel B S10,2025-11-08,Diesel A,2.95,6.07,2025_novembro_sinteseprecos45.pdf
Diesel B S10,2025-11-08,Margem de distribuição e revenda,0.81,6.07,2025_novembro_sinteseprecos45.pdf
Diesel B S10,2025-11-08,Tributos estaduais,1.12,6.07,2025_novembro_sinteseprecos45.pdf
Diesel B S10,2025-11-08,Tributos federais,0.32,6.07,2025_novembro_sinteseprecos45.pdf
Diesel B S10,2025-11-15,Biodiesel,0.87,6.06,2025_novembro_sinteseprecos46.pdf
Diesel B S10,2025-11-15,Diesel A,3.01,6.06,2025_novembro_sinteseprecos46.pdf
Diesel B S10,2025-11-15,Margem de distribuição e revenda,0.74,6.06,2025_novembro_sinteseprecos46.pdf
Diesel B S10,2025-11-15,Tributos estaduais,1.12,6.06,2025_novembro_sinteseprecos46.pdf
Diesel B S10,2025-11-15,Tributos federais,0.32,6.06,2025_novembro_sinteseprecos46.pdf
Diesel B S10,2025-11-22,Biodiesel,0.87,6.06,2025_novembro_sintese-precos-47.pdf
Diesel B S10,2025-11-22,Diesel A,2.97,6.06,2025_novembro_sintese-precos-47.pdf
Diesel B S10,2025-11-22,Margem de distribuição e revenda,0.78,6.06,2025_novembro_sintese-precos-47.pdf
Diesel B S10,2025-11-22,Tributos estaduais,1.12,6.06,2025_novembro_sintese-precos-47.pdf
Diesel B S10,2025-11-22,Tributos federais,0.32,6.06,2025_novembro_sintese-precos-47.pdf
Diesel B S10,2025-11-29,Biodiesel,0.86,6.07,2025_novembro_sintese-precos-48.pdf
Diesel B S10,2025-11-29,Diesel A,2.92,6.07,2025_novembro_sintese-precos-48.pdf
Diesel B S10,2025-11-29,Margem de distribuição e revenda,0.85,6.07,2025_novembro_sintese-precos-48.pdf
Diesel B S10,2025-11-29,Tributos estaduais,1.12,6.07,2025_novembro_sintese-precos-48.pdf
Diesel B S10,2025-11-29,Tributos federais,0.32,6.07,2025_novembro_sintese-precos-48.pdf
Diesel B S10,2025-12-06,Biodiesel,0.88,6.07,2025_novembro_sintese-precos-49.pdf
Diesel B S10,2025-12-06,Diesel A,2.94,6.07,2025_novembro_sintese-precos-49.pdf
Diesel B S10,2025-12-06,Margem de distribuição e revenda,0.8,6.07,2025_novembro_sintese-precos-49.pdf
Diesel B S10,2025-12-06,Tributos estaduais,1.12,6.07,2025_novembro_sintese-precos-49.pdf
Diesel B S10,2025-12-06,Tributos federais,0.32,6.07,2025_novembro_sintese-precos-49.pdf
Diesel B S10,2025-12-13,Biodiesel,0.86,6.07,2025_novembro_sintese-precos-50.pdf
Diesel B S10,2025-12-13,Diesel A,2.93,6.07,2025_novembro_sintese-precos-50.pdf
Diesel B S10,2025-12-13,Margem de distribuição e revenda,0.83,6.07,2025_novembro_sintese-precos-50.pdf
Diesel B S10,2025-12-13,Tributos estaduais,1.12,6.07,2025_novembro_sintese-precos-50.pdf
Diesel B S10,2025-12-13,Tributos federais,0.32,6.07,2025_novembro_sintese-precos-50.pdf
Diesel B S10,2025-12-20,Biodiesel,0.88,6.08,2025_novembro_sintese-precos-51.pdf
Diesel B S10,2025-12-20,Diesel A,2.9,6.08,2025_novembro_sintese-precos-51.pdf
Diesel B S10,2025-12-20,Margem de distribuição e revenda,0.86,6.08,2025_novembro_sintese-precos-51.pdf
Diesel B S10,2025-12-20,Tributos estaduais,1.12,6.08,2025_novembro_sintese-precos-51.pdf
Diesel B S10,2025-12-20,Tributos federais,0.32,6.08,2025_novembro_sintese-precos-51.pdf
Diesel B S10,2025-12-27,Biodiesel,0.88,6.08,2025_novembro_sintese-precos-52.pdf
Diesel B S10,2025-12-27,Diesel A,2.81,6.08,2025_novembro_sintese-precos-52.pdf
Diesel B S10,2025-12-27,Margem de distribuição e revenda,0.96,6.08,2025_novembro_sintese-precos-52.pdf
Diesel B S10,2025-12-27,Tributos estaduais,1.12,6.08,2025_novembro_sintese-precos-52.pdf
Diesel B S10,2025-12-27,Tributos federais,0.32,6.08,2025_novembro_sintese-precos-52.pdf
Diesel B S10,2026-01-03,Biodiesel,0.88,6.07,2025_janeiro_sintese-precos-n01.pdf
Diesel B S10,2026-01-03,Diesel A,2.75,6.07,2025_janeiro_sintese-precos-n01.pdf
Diesel B S10,2026-01-03,Margem de distribuição e revenda,0.95,6.07,2025_janeiro_sintese-precos-n01.pdf
Diesel B S10,2026-01-03,Tributos estaduais,1.17,6.07,2025_janeiro_sintese-precos-n01.pdf
Diesel B S10,2026-01-03,Tributos federais,0.32,6.07,2025_janeiro_sintese-precos-n01.pdf
Diesel B S10,2026-01-10,Biodiesel,0.87,6.12,2025_janeiro_sintese-precos-n02.pdf
Diesel B S10,2026-01-10,Biodiesel,0.87,6.12,2026_sintese-precos-02.pdf
Diesel B S10,2026-01-10,Diesel A,2.81,6.12,2025_janeiro_sintese-precos-n02.pdf
Diesel B S10,2026-01-10,Diesel A,2.81,6.12,2026_sintese-precos-02.pdf
Diesel B S10,2026-01-10,Margem de distribuição e revenda,0.95,6.12,2025_janeiro_sintese-precos-n02.pdf
Diesel B S10,2026-01-10,Margem de distribuição e revenda,0.95,6.12,2026_sintese-precos-02.pdf
Diesel B S10,2026-01-10,Tributos estaduais,1.17,6.12,2025_janeiro_sintese-precos-n02.pdf
Diesel B S10,2026-01-10,Tributos estaduais,1.17,6.12,2026_sintese-precos-02.pdf
Diesel B S10,2026-01-10,Tributos federais,0.32,6.12,2025_janeiro_sintese-precos-n02.pdf
Diesel B S10,2026-01-10,Tributos federais,0.32,6.12,2026_sintese-precos-02.pdf
Diesel B S10,2026-01-17,Biodiesel,0.83,6.12,2025_janeiro_sintese-precos-n03.pdf
Diesel B S10,2026-01-17,Diesel A,2.81,6.12,2025_janeiro_sintese-precos-n03.pdf
Diesel B S10,2026-01-17,Margem de distribuição e revenda,0.99,6.12,2025_janeiro_sintese-precos-n03.pdf
Diesel B S10,2026-01-17,Tributos estaduais,1.17,6.12,2025_janeiro_sintese-precos-n03.pdf
Diesel B S10,2026-01-17,Tributos federais,0.32,6.12,2025_janeiro_sintese-precos-n03.pdf
Diesel B S10,2026-01-24,Biodiesel,0.82,6.12,2026_sintese-precos-04.pdf
Diesel B S10,2026-01-24,Diesel A,2.73,6.12,2026_sintese-precos-04.pdf
Diesel B S10,2026-01-24,Margem de distribuição e revenda,1.08,6.12,2026_sintese-precos-04.pdf
Diesel B S10,2026-01-24,Tributos estaduais,1.17,6.12,2026_sintese-precos-04.pdf
Diesel B S10,2026-01-24,Tributos federais,0.32,6.12,2026_sintese-precos-04.pdf
Diesel B S10,2026-01-31,Biodiesel,0.81,6.11,2026_sintese-precos-05.pdf
Diesel B S10,2026-01-31,Diesel A,2.84,6.11,2026_sintese-precos-05.pdf
Diesel B S10,2026-01-31,Margem de distribuição e revenda,0.97,6.11,2026_sintese-precos-05.pdf
Diesel B S10,2026-01-31,Tributos estaduais,1.17,6.11,2026_sintese-precos-05.pdf
Diesel B S10,2026-01-31,Tributos federais,0.32,6.11,2026_sintese-precos-05.pdf
Diesel B S10,2026-02-07,Biodiesel,0.81,6.12,2026_sintese-precos-06.pdf
Diesel B S10,2026-02-07,Diesel A,2.82,6.12,2026_sintese-precos-06.pdf
Diesel B S10,2026-02-07,Margem de distribuição e revenda,1,6.12,2026_sintese-precos-06.pdf
Diesel B S10,2026-02-07,Tributos estaduais,1.17,6.12,2026_sintese-precos-06.pdf
Diesel B S10,2026-02-07,Tributos federais,0.32,6.12,2026_sintese-precos-06.pdf
Diesel B S10,2026-02-14,Biodiesel,0.81,6.11,2026_sintese-precos-07.pdf
Diesel B S10,2026-02-14,Diesel A,2.85,6.11,2026_sintese-precos-07.pdf
Diesel B S10,2026-02-14,Margem de distribuição e revenda,0.96,6.11,2026_sintese-precos-07.pdf
Diesel B S10,2026-02-14,Tributos estaduais,1.17,6.11,2026_sintese-precos-07.pdf
Diesel B S10,2026-02-14,Tributos federais,0.32,6.11,2026_sintese-precos-07.pdf
Diesel B S10,2026-02-21,Biodiesel,0.82,6.1,2026_sintese-precos-08.pdf
Diesel B S10,2026-02-21,Diesel A,2.81,6.1,2026_sintese-precos-08.pdf
Diesel B S10,2026-02-21,Margem de distribuição e revenda,0.98,6.1,2026_sintese-precos-08.pdf
Diesel B S10,2026-02-21,Tributos estaduais,1.17,6.1,2026_sintese-precos-08.pdf
Diesel B S10,2026-02-21,Tributos federais,0.32,6.1,2026_sintese-precos-08.pdf
Diesel B S10,2026-02-28,Biodiesel,0.82,6.09,2026_sintese-precos-09.pdf
Diesel B S10,2026-02-28,Diesel A,2.97,6.09,2026_sintese-precos-09.pdf
Diesel B S10,2026-02-28,Margem de distribuição e revenda,0.81,6.09,2026_sintese-precos-09.pdf
Diesel B S10,2026-02-28,Tributos estaduais,1.17,6.09,2026_sintese-precos-09.pdf
Diesel B S10,2026-02-28,Tributos federais,0.32,6.09,2026_sintese-precos-09.pdf
Diesel B S10,2026-03-07,Biodiesel,0.8,6.15,2026_sintese-precos-10.pdf
Diesel B S10,2026-03-07,Diesel A,3.05,6.15,2026_sintese-precos-10.pdf
Diesel B S10,2026-03-07,Margem de distribuição e revenda,0.8,6.15,2026_sintese-precos-10.pdf
Diesel B S10,2026-03-07,Tributos estaduais,1.17,6.15,2026_sintese-precos-10.pdf
Diesel B S10,2026-03-07,Tributos federais,0.32,6.15,2026_sintese-precos-10.pdf
Diesel B S10,2026-03-14,Biodiesel,0.76,6.89,2026_sintese-precos-11.pdf
Diesel B S10,2026-03-14,Diesel A,3.7,6.89,2026_sintese-precos-11.pdf
Diesel B S10,2026-03-14,Margem de distribuição e revenda,0.94,6.89,2026_sintese-precos-11.pdf
Diesel B S10,2026-03-14,Tributos estaduais,1.17,6.89,2026_sintese-precos-11.pdf
Diesel B S10,2026-03-14,Tributos federais,0.32,6.89,2026_sintese-precos-11.pdf
Diesel B S10,2026-03-21,Biodiesel,0.74,7.35,2026_sintese-precos-12.pdf
Diesel B S10,2026-03-21,Diesel A,4.55,7.35,2026_sintese-precos-12.pdf
Diesel B S10,2026-03-21,Margem de distribuição e revenda,0.87,7.35,2026_sintese-precos-12.pdf
Diesel B S10,2026-03-21,Tributos estaduais,1.17,7.35,2026_sintese-precos-12.pdf
Diesel B S10,2026-03-21,Tributos federais,0.02,7.35,2026_sintese-precos-12.pdf
Diesel B S10,2026-03-28,Biodiesel,0.73,7.57,2026_sintese-precos-13.pdf
Diesel B S10,2026-03-28,Diesel A,4.5,7.57,2026_sintese-precos-13.pdf
Diesel B S10,2026-03-28,Margem de distribuição e revenda,1.15,7.57,2026_sintese-precos-13.pdf
Diesel B S10,2026-03-28,Tributos estaduais,1.17,7.57,2026_sintese-precos-13.pdf
Diesel B S10,2026-03-28,Tributos federais,0.02,7.57,2026_sintese-precos-13.pdf
Diesel B S10,2026-04-04,Biodiesel,0.74,7.58,2026_sintese-precos-14.pdf
Diesel B S10,2026-04-04,Diesel A,4.62,7.58,2026_sintese-precos-14.pdf
Diesel B S10,2026-04-04,Margem de distribuição e revenda,1.03,7.58,2026_sintese-precos-14.pdf
Diesel B S10,2026-04-04,Tributos estaduais,1.17,7.58,2026_sintese-precos-14.pdf
Diesel B S10,2026-04-04,Tributos federais,0.02,7.58,2026_sintese-precos-14.pdf
Diesel B S10,2026-04-11,Biodiesel,0.75,7.58,2026_sintese-precos-21.pdf
Diesel B S10,2026-04-11,Biodiesel,0.75,7.58,2026_sinteseprecos15.pdf
Diesel B S10,2026-04-11,Diesel A,4.64,7.58,2026_sintese-precos-21.pdf
Diesel B S10,2026-04-11,Diesel A,4.64,7.58,2026_sinteseprecos15.pdf
Diesel B S10,2026-04-11,Margem de distribuição e revenda,1.02,7.58,2026_sintese-precos-21.pdf
Diesel B S10,2026-04-11,Margem de distribuição e revenda,1.02,7.58,2026_sinteseprecos15.pdf
Diesel B S10,2026-04-11,Tributos estaduais,1.17,7.58,2026_sintese-precos-21.pdf
Diesel B S10,2026-04-11,Tributos estaduais,1.17,7.58,2026_sinteseprecos15.pdf
Diesel B S10,2026-04-11,Tributos federais,0,7.58,2026_sintese-precos-21.pdf
Diesel B S10,2026-04-11,Tributos federais,0,7.58,2026_sinteseprecos15.pdf
Diesel B S10,2026-04-18,Biodiesel,0.78,7.49,2026_sinteseprecos16.pdf
Diesel B S10,2026-04-18,Diesel A,4.63,7.49,2026_sinteseprecos16.pdf
Diesel B S10,2026-04-18,Margem de distribuição e revenda,0.91,7.49,2026_sinteseprecos16.pdf
Diesel B S10,2026-04-18,Tributos estaduais,1.17,7.49,2026_sinteseprecos16.pdf
Diesel B S10,2026-04-18,Tributos federais,0,7.49,2026_sinteseprecos16.pdf
Diesel B S10,2026-04-25,Biodiesel,0.78,7.38,2026_sintese-precos-17.pdf
Diesel B S10,2026-04-25,Diesel A,4.48,7.38,2026_sintese-precos-17.pdf
Diesel B S10,2026-04-25,Margem de distribuição e revenda,0.95,7.38,2026_sintese-precos-17.pdf
Diesel B S10,2026-04-25,Tributos estaduais,1.17,7.38,2026_sintese-precos-17.pdf
Diesel B S10,2026-04-25,Tributos federais,0,7.38,2026_sintese-precos-17.pdf
Diesel B S10,2026-05-02,Biodiesel,0.77,7.28,2026_sintese-precos-18.pdf
Diesel B S10,2026-05-02,Diesel A,3.58,7.28,2026_sintese-precos-18.pdf
Diesel B S10,2026-05-02,Margem de distribuição e revenda,1.76,7.28,2026_sintese-precos-18.pdf
Diesel B S10,2026-05-02,Tributos estaduais,1.17,7.28,2026_sintese-precos-18.pdf
Diesel B S10,2026-05-02,Tributos federais,0,7.28,2026_sintese-precos-18.pdf
Diesel B S10,2026-05-09,Biodiesel,0.75,7.24,2026_sintese-precos-19.pdf
Diesel B S10,2026-05-09,Diesel A,3.41,7.24,2026_sintese-precos-19.pdf
Diesel B S10,2026-05-09,Margem de distribuição e revenda,1.9,7.24,2026_sintese-precos-19.pdf
Diesel B S10,2026-05-09,Tributos estaduais,1.17,7.24,2026_sintese-precos-19.pdf
Diesel B S10,2026-05-09,Tributos federais,0,7.24,2026_sintese-precos-19.pdf
Diesel B S10,2026-05-16,Biodiesel,0.75,7.2,2026_sinteseprecos20.pdf
Diesel B S10,2026-05-16,Diesel A,4.62,7.2,2026_sinteseprecos20.pdf
Diesel B S10,2026-05-16,Margem de distribuição e revenda,0.66,7.2,2026_sinteseprecos20.pdf
Diesel B S10,2026-05-16,Tributos estaduais,1.17,7.2,2026_sinteseprecos20.pdf
Diesel B S10,2026-05-16,Tributos federais,0,7.2,2026_sinteseprecos20.pdf
Diesel B S10,2026-05-30,Biodiesel,0.74,7.13,2026_sintese-precos-22.pdf
Diesel B S10,2026-05-30,Diesel A,4.67,7.13,2026_sintese-precos-22.pdf
Diesel B S10,2026-05-30,Margem de distribuição e revenda,0.54,7.13,2026_sintese-precos-22.pdf
Diesel B S10,2026-05-30,Tributos estaduais,1.17,7.13,2026_sintese-precos-22.pdf
Diesel B S10,2026-05-30,Tributos federais,0,7.13,2026_sintese-precos-22.pdf
Diesel B S10,2026-06-06,Biodiesel,0.74,7.12,2026_sintese-precos-23.pdf
Diesel B S10,2026-06-06,Diesel A,4.43,7.12,2026_sintese-precos-23.pdf
Diesel B S10,2026-06-06,Margem de distribuição e revenda,0.78,7.12,2026_sintese-precos-23.pdf
Diesel B S10,2026-06-06,Tributos estaduais,1.17,7.12,2026_sintese-precos-23.pdf
Diesel B S10,2026-06-06,Tributos federais,0,7.12,2026_sintese-precos-23.pdf
Diesel B S10,2026-06-13,Biodiesel,0.73,7.11,2026_sintese-precos-24.pdf
Diesel B S10,2026-06-13,Diesel A,4.3,7.11,2026_sintese-precos-24.pdf
Diesel B S10,2026-06-13,Margem de distribuição e revenda,0.91,7.11,2026_sintese-precos-24.pdf
Diesel B S10,2026-06-13,Tributos estaduais,1.17,7.11,2026_sintese-precos-24.pdf
Diesel B S10,2026-06-13,Tributos federais,0,7.11,2026_sintese-precos-24.pdf
Diesel B S10,2026-06-20,Biodiesel,0.75,7.09,2026_sintese-precos-25.pdf
Diesel B S10,2026-06-20,Diesel A,4.36,7.09,2026_sintese-precos-25.pdf
Diesel B S10,2026-06-20,Margem de distribuição e revenda,0.81,7.09,2026_sintese-precos-25.pdf
Diesel B S10,2026-06-20,Tributos estaduais,1.17,7.09,2026_sintese-precos-25.pdf
Diesel B S10,2026-06-20,Tributos federais,0,7.09,2026_sintese-precos-25.pdf
Diesel B S10,2026-06-27,Biodiesel,0.76,7.05,2026_sintese-precos-26.pdf
Diesel B S10,2026-06-27,Diesel A,4.44,7.05,2026_sintese-precos-26.pdf
Diesel B S10,2026-06-27,Margem de distribuição e revenda,0.68,7.05,2026_sintese-precos-26.pdf
Diesel B S10,2026-06-27,Tributos estaduais,1.17,7.05,2026_sintese-precos-26.pdf
Diesel B S10,2026-06-27,Tributos federais,0,7.05,2026_sintese-precos-26.pdf
Diesel B S10,2026-07-04,Biodiesel,0.77,7.02,2026_sintese-precos-27.pdf
Diesel B S10,2026-07-04,Diesel A,4.43,7.02,2026_sintese-precos-27.pdf
Diesel B S10,2026-07-04,Margem de distribuição e revenda,0.65,7.02,2026_sintese-precos-27.pdf
Diesel B S10,2026-07-04,Tributos estaduais,1.17,7.02,2026_sintese-precos-27.pdf
Diesel B S10,2026-07-04,Tributos federais,0,7.02,2026_sintese-precos-27.pdf
Diesel B S10,2026-07-11,Biodiesel,0.76,6.97,2026_sintese-precos-28.pdf
Diesel B S10,2026-07-11,Diesel A,4.43,6.97,2026_sintese-precos-28.pdf
Diesel B S10,2026-07-11,Margem de distribuição e revenda,0.61,6.97,2026_sintese-precos-28.pdf
Diesel B S10,2026-07-11,Tributos estaduais,1.17,6.97,2026_sintese-precos-28.pdf
Diesel B S10,2026-07-11,Tributos federais,0,6.97,2026_sintese-precos-28.pdf
Diesel B S10,2026-07-18,Biodiesel,0.77,6.94,2026_sintese-precos-29.pdf
Diesel B S10,2026-07-18,Diesel A,3.27,6.94,2026_sintese-precos-29.pdf
Diesel B S10,2026-07-18,Margem de distribuição e revenda,1.73,6.94,2026_sintese-precos-29.pdf
Diesel B S10,2026-07-18,Tributos estaduais,1.17,6.94,2026_sintese-precos-29.pdf
Diesel B S10,2026-07-18,Tributos federais,0,6.94,2026_sintese-precos-29.pdf
Diesel B S10,2026-07-25,Biodiesel,0.76,6.95,2026_sintese-precos-30.pdf
Diesel B S10,2026-07-25,Diesel A,3.24,6.95,2026_sintese-precos-30.pdf
Diesel B S10,2026-07-25,Margem de distribuição e revenda,1.78,6.95,2026_sintese-precos-30.pdf
Diesel B S10,2026-07-25,Tributos estaduais,1.17,6.95,2026_sintese-precos-30.pdf
Diesel B S10,2026-07-25,Tributos federais,0,6.95,2026_sintese-precos-30.pdf
Diesel B S10,2026-08-01,Biodiesel,0.77,6.95,2026_sintese-precos-31.pdf
Diesel B S10,2026-08-01,Diesel A,4.52,6.95,2026_sintese-precos-31.pdf
Diesel B S10,2026-08-01,Margem de distribuição e revenda,0.49,6.95,2026_sintese-precos-31.pdf
Diesel B S10,2026-08-01,Tributos estaduais,1.17,6.95,2026_sintese-precos-31.pdf
Diesel B S10,2026-08-01,Tributos federais,0,6.95,2026_sintese-precos-31.pdf
Diesel B S10,2026-08-08,Biodiesel,0.78,6.94,2026_sintese-precos-32.pdf
Diesel B S10,2026-08-08,Diesel A,4.51,6.94,2026_sintese-precos-32.pdf
Diesel B S10,2026-08-08,Margem de distribuição e revenda,0.16,6.94,2026_sintese-precos-32.pdf
Diesel B S10,2026-08-08,Tributos estaduais,1.17,6.94,2026_sintese-precos-32.pdf
Diesel B S10,2026-08-08,Tributos federais,0.32,6.94,2026_sintese-precos-32.pdf
Diesel B S10,2026-08-15,Biodiesel,0.77,6.91,2026_sintese-precos-33.pdf
Diesel B S10,2026-08-15,Diesel A,2.82,6.91,2026_sintese-precos-33.pdf
Diesel B S10,2026-08-15,Margem de distribuição e revenda,1.83,6.91,2026_sintese-precos-33.pdf
Diesel B S10,2026-08-15,Tributos estaduais,1.17,6.91,2026_sintese-precos-33.pdf
Diesel B S10,2026-08-15,Tributos federais,0.32,6.91,2026_sintese-precos-33.pdf
Diesel B S10,2026-08-29,Biodiesel,0.77,6.88,2026_sintese-precos-35.pdf
Diesel B S10,2026-08-29,Diesel A,2.92,6.88,2026_sintese-precos-35.pdf
Diesel B S10,2026-08-29,Margem de distribuição e revenda,1.69,6.88,2026_sintese-precos-35.pdf
Diesel B S10,2026-08-29,Tributos estaduais,1.17,6.88,2026_sintese-precos-35.pdf
Diesel B S10,2026-08-29,Tributos federais,0.32,6.88,2026_sintese-precos-35.pdf
Diesel B S10,2026-09-05,Biodiesel,0.78,6.88,2026_sintese-precos-36.pdf
Diesel B S10,2026-09-05,Diesel A,2.93,6.88,2026_sintese-precos-36.pdf
Diesel B S10,2026-09-05,Margem de distribuição e revenda,1.67,6.88,2026_sintese-precos-36.pdf
Diesel B S10,2026-09-05,Tributos estaduais,1.17,6.88,2026_sintese-precos-36.pdf
Diesel B S10,2026-09-05,Tributos federais,0.32,6.88,2026_sintese-precos-36.pdf
Diesel B S10,2026-09-12,Biodiesel,0.78,6.97,2026_sintese-precos-37.pdf
Diesel B S10,2026-09-12,Diesel A,3.01,6.97,2026_sintese-precos-37.pdf
Diesel B S10,2026-09-12,Margem de distribuição e revenda,1.68,6.97,2026_sintese-precos-37.pdf
Diesel B S10,2026-09-12,Tributos estaduais,1.17,6.97,2026_sintese-precos-37.pdf
Diesel B S10,2026-09-12,Tributos federais,0.32,6.97,2026_sintese-precos-37.pdf
Diesel B S10,2026-09-19,Biodiesel,0.8,7.13,2026_sintese-precos-38.pdf
Diesel B S10,2026-09-19,Diesel A,2.98,7.13,2026_sintese-precos-38.pdf
Diesel B S10,2026-09-19,Margem de distribuição e revenda,1.86,7.13,2026_sintese-precos-38.pdf
Diesel B S10,2026-09-19,Tributos estaduais,1.17,7.13,2026_sintese-precos-38.pdf
Diesel B S10,2026-09-19,Tributos federais,0.32,7.13,2026_sintese-precos-38.pdf
Diesel B S10,2026-09-26,Biodiesel,0.81,7.33,2026_sintese-precos-39.pdf
Diesel B S10,2026-09-26,Diesel A,3.01,7.33,2026_sintese-precos-39.pdf
Diesel B S10,2026-09-26,Margem de distribuição e revenda,2.01,7.33,2026_sintese-precos-39.pdf
Diesel B S10,2026-09-26,Tributos estaduais,1.17,7.33,2026_sintese-precos-39.pdf
Diesel B S10,2026-09-26,Tributos federais,0.32,7.33,2026_sintese-precos-39.pdf
Diesel B S10,2026-10-03,Biodiesel,0.8,7.35,2026_sintese-precos-40.pdf
Diesel B S10,2026-10-03,Diesel A,3.23,7.35,2026_sintese-precos-40.pdf
Diesel B S10,2026-10-03,Margem de distribuição e revenda,1.83,7.35,2026_sintese-precos-40.pdf
Diesel B S10,2026-10-03,Tributos estaduais,1.17,7.35,2026_sintese-precos-40.pdf
Diesel B S10,2026-10-03,Tributos federais,0.32,7.35,2026_sintese-precos-40.pdf
GLP P-13,2024-04-20,GLP do produtor,32.92,101.65,2024_abril_sintese-precos-n16.pdf
GLP P-13,2024-04-20,Margem de distribuição e revenda,50.35,101.65,2024_abril_sintese-precos-n16.pdf
GLP P-13,2024-04-20,Tributos estaduais,18.38,101.65,2024_abril_sintese-precos-n16.pdf
GLP P-13,2024-04-27,GLP do produtor,32.87,101.82,2024_abril_sintese-precos-n17.pdf
GLP P-13,2024-04-27,Margem de distribuição e revenda,50.57,101.82,2024_abril_sintese-precos-n17.pdf
GLP P-13,2024-04-27,Tributos estaduais,18.38,101.82,2024_abril_sintese-precos-n17.pdf
GLP P-13,2024-05-04,GLP do produtor,36.26,101.77,2024_maio_sintese-precos-n18.pdf
GLP P-13,2024-05-04,Margem de distribuição e revenda,47.13,101.77,2024_maio_sintese-precos-n18.pdf
GLP P-13,2024-05-04,Tributos estaduais,18.38,101.77,2024_maio_sintese-precos-n18.pdf
GLP P-13,2024-05-11,GLP do produtor,33.05,101.84,2024_maio_sintese-precos-n19.pdf
GLP P-13,2024-05-11,Margem de distribuição e revenda,50.41,101.84,2024_maio_sintese-precos-n19.pdf
GLP P-13,2024-05-11,Tributos estaduais,18.38,101.84,2024_maio_sintese-precos-n19.pdf
GLP P-13,2024-05-18,GLP do produtor,33.12,101.73,2024_maio_sintese-precos-n20.pdf
GLP P-13,2024-05-18,Margem de distribuição e revenda,50.23,101.73,2024_maio_sintese-precos-n20.pdf
GLP P-13,2024-05-18,Tributos estaduais,18.38,101.73,2024_maio_sintese-precos-n20.pdf
GLP P-13,2024-05-25,GLP do produtor,33.12,101.79,2024_maio_sintese-precos-n21.pdf
GLP P-13,2024-05-25,Margem de distribuição e revenda,50.29,101.79,2024_maio_sintese-precos-n21.pdf
GLP P-13,2024-05-25,Tributos estaduais,18.38,101.79,2024_maio_sintese-precos-n21.pdf
GLP P-13,2024-06-08,GLP do produtor,32.88,101.27,2024_junho_sintese-precos-n23.pdf
GLP P-13,2024-06-08,Margem de distribuição e revenda,50.01,101.27,2024_junho_sintese-precos-n23.pdf
GLP P-13,2024-06-08,Tributos estaduais,18.38,101.27,2024_junho_sintese-precos-n23.pdf
GLP P-13,2024-06-15,GLP do produtor,33.03,101.24,2024_junho_sintese-precos-n24.pdf
GLP P-13,2024-06-15,Margem de distribuição e revenda,49.83,101.24,2024_junho_sintese-precos-n24.pdf
GLP P-13,2024-06-15,Tributos estaduais,18.38,101.24,2024_junho_sintese-precos-n24.pdf
GLP P-13,2024-06-22,GLP do produtor,32.79,101.47,2024_junho_sintese-precos-n25.pdf
GLP P-13,2024-06-22,Margem de distribuição e revenda,50.3,101.47,2024_junho_sintese-precos-n25.pdf
GLP P-13,2024-06-22,Tributos estaduais,18.38,101.47,2024_junho_sintese-precos-n25.pdf
GLP P-13,2024-06-29,GLP do produtor,32.95,101.45,2024_junho_sintese-precos-n26.pdf
GLP P-13,2024-06-29,Margem de distribuição e revenda,50.12,101.45,2024_junho_sintese-precos-n26.pdf
GLP P-13,2024-06-29,Tributos estaduais,18.38,101.45,2024_junho_sintese-precos-n26.pdf
GLP P-13,2024-07-06,GLP do produtor,32.81,100.85,2024_julho_sintese-precos-n27.pdf
GLP P-13,2024-07-06,Margem de distribuição e revenda,49.66,100.85,2024_julho_sintese-precos-n27.pdf
GLP P-13,2024-07-06,Tributos estaduais,18.38,100.85,2024_julho_sintese-precos-n27.pdf
GLP P-13,2024-07-13,GLP do produtor,32.83,101.75,2024_julho_sintese-precos-n28.pdf
GLP P-13,2024-07-13,Margem de distribuição e revenda,50.54,101.75,2024_julho_sintese-precos-n28.pdf
GLP P-13,2024-07-13,Tributos estaduais,18.38,101.75,2024_julho_sintese-precos-n28.pdf
GLP P-13,2024-07-20,GLP do produtor,35.89,103.86,2024_julho_sintese-precos-n29.pdf
GLP P-13,2024-07-20,Margem de distribuição e revenda,49.59,103.86,2024_julho_sintese-precos-n29.pdf
GLP P-13,2024-07-20,Tributos estaduais,18.38,103.86,2024_julho_sintese-precos-n29.pdf
GLP P-13,2024-07-27,GLP do produtor,36.08,103.67,2024_julho_sintese-precos-n30.pdf
GLP P-13,2024-07-27,Margem de distribuição e revenda,49.21,103.67,2024_julho_sintese-precos-n30.pdf
GLP P-13,2024-07-27,Tributos estaduais,18.38,103.67,2024_julho_sintese-precos-n30.pdf
GLP P-13,2024-08-03,GLP do produtor,35.98,103.61,2024_julho_sintese-precos-n31.pdf
GLP P-13,2024-08-03,Margem de distribuição e revenda,49.25,103.61,2024_julho_sintese-precos-n31.pdf
GLP P-13,2024-08-03,Tributos estaduais,18.38,103.61,2024_julho_sintese-precos-n31.pdf
GLP P-13,2024-08-10,GLP do produtor,36.04,103.63,2024_agosto_2024_08_19_nova-sintese-de-precos_semana-de-04-08-a-10-08_v2.pdf
GLP P-13,2024-08-10,Margem de distribuição e revenda,49.21,103.63,2024_agosto_2024_08_19_nova-sintese-de-precos_semana-de-04-08-a-10-08_v2.pdf
GLP P-13,2024-08-10,Tributos estaduais,18.38,103.63,2024_agosto_2024_08_19_nova-sintese-de-precos_semana-de-04-08-a-10-08_v2.pdf
GLP P-13,2024-08-17,GLP do produtor,36.21,102.37,2024_agosto_sintese-precos-n33.pdf
GLP P-13,2024-08-17,Margem de distribuição e revenda,47.78,102.37,2024_agosto_sintese-precos-n33.pdf
GLP P-13,2024-08-17,Tributos estaduais,18.38,102.37,2024_agosto_sintese-precos-n33.pdf
GLP P-13,2024-08-24,GLP do produtor,36.25,103.6,2024_agosto_sintese-precos-n34.pdf
GLP P-13,2024-08-24,Margem de distribuição e revenda,48.96,103.6,2024_agosto_sintese-precos-n34.pdf
GLP P-13,2024-08-24,Tributos estaduais,18.38,103.6,2024_agosto_sintese-precos-n34.pdf
GLP P-13,2024-08-31,GLP do produtor,36.19,102.58,2024_agosto_sintese-precos-n35.pdf
GLP P-13,2024-08-31,Margem de distribuição e revenda,48.01,102.58,2024_agosto_sintese-precos-n35.pdf
GLP P-13,2024-08-31,Tributos estaduais,18.38,102.58,2024_agosto_sintese-precos-n35.pdf
GLP P-13,2024-09-07,GLP do produtor,36.23,104.12,2024_setembro_sintese-precos-n36.pdf
GLP P-13,2024-09-07,Margem de distribuição e revenda,49.51,104.12,2024_setembro_sintese-precos-n36.pdf
GLP P-13,2024-09-07,Tributos estaduais,18.38,104.12,2024_setembro_sintese-precos-n36.pdf
GLP P-13,2024-09-14,GLP do produtor,36.31,105.96,2024_setembro_sintese-precos-n37.pdf
GLP P-13,2024-09-14,Margem de distribuição e revenda,51.27,105.96,2024_setembro_sintese-precos-n37.pdf
GLP P-13,2024-09-14,Tributos estaduais,18.38,105.96,2024_setembro_sintese-precos-n37.pdf
GLP P-13,2024-09-21,GLP do produtor,36.19,106.84,2024_setembro_sintese-precos-n38.pdf
GLP P-13,2024-09-21,Margem de distribuição e revenda,52.27,106.84,2024_setembro_sintese-precos-n38.pdf
GLP P-13,2024-09-21,Tributos estaduais,18.38,106.84,2024_setembro_sintese-precos-n38.pdf
GLP P-13,2024-09-28,GLP do produtor,36.49,106.8,2024_setembro_sintese-precos-n39.pdf
GLP P-13,2024-09-28,Margem de distribuição e revenda,51.93,106.8,2024_setembro_sintese-precos-n39.pdf
GLP P-13,2024-09-28,Tributos estaduais,18.38,106.8,2024_setembro_sintese-precos-n39.pdf
GLP P-13,2024-10-05,GLP do produtor,36.31,106.64,2024_setembro_sintese-precos-n40.pdf
GLP P-13,2024-10-05,Margem de distribuição e revenda,51.95,106.64,2024_setembro_sintese-precos-n40.pdf
GLP P-13,2024-10-05,Tributos estaduais,18.38,106.64,2024_setembro_sintese-precos-n40.pdf
GLP P-13,2024-10-12,GLP do produtor,36.21,106.71,2024_outubro_sintese-precos-n41.pdf
GLP P-13,2024-10-12,Margem de distribuição e revenda,52.12,106.71,2024_outubro_sintese-precos-n41.pdf
GLP P-13,2024-10-12,Tributos estaduais,18.38,106.71,2024_outubro_sintese-precos-n41.pdf
GLP P-13,2024-10-19,GLP do produtor,36.18,106.5,2024_outubro_sintese-precos-n42.pdf
GLP P-13,2024-10-19,Margem de distribuição e revenda,51.94,106.5,2024_outubro_sintese-precos-n42.pdf
GLP P-13,2024-10-19,Tributos estaduais,18.38,106.5,2024_outubro_sintese-precos-n42.pdf
GLP P-13,2024-10-26,GLP do produtor,36.35,106.38,2024_outubro_sintese-precos-n43.pdf
GLP P-13,2024-10-26,Margem de distribuição e revenda,51.65,106.38,2024_outubro_sintese-precos-n43.pdf
GLP P-13,2024-10-26,Tributos estaduais,18.38,106.38,2024_outubro_sintese-precos-n43.pdf
GLP P-13,2024-11-02,GLP do produtor,36.3,106.63,2024_outubro_sintese-precos-n44.pdf
GLP P-13,2024-11-02,Margem de distribuição e revenda,51.95,106.63,2024_outubro_sintese-precos-n44.pdf
GLP P-13,2024-11-02,Tributos estaduais,18.38,106.63,2024_outubro_sintese-precos-n44.pdf
GLP P-13,2024-11-09,GLP do produtor,36.51,106.73,2024_novembro_sintese-precos-n45.pdf
GLP P-13,2024-11-09,Margem de distribuição e revenda,51.84,106.73,2024_novembro_sintese-precos-n45.pdf
GLP P-13,2024-11-09,Tributos estaduais,18.38,106.73,2024_novembro_sintese-precos-n45.pdf
GLP P-13,2024-11-16,GLP do produtor,36.69,106.92,2024_novembro_sintese-precos-n46.pdf
GLP P-13,2024-11-16,Margem de distribuição e revenda,51.85,106.92,2024_novembro_sintese-precos-n46.pdf
GLP P-13,2024-11-16,Tributos estaduais,18.38,106.92,2024_novembro_sintese-precos-n46.pdf
GLP P-13,2024-11-23,GLP do produtor,36.42,107.07,2024_novembro_sintese-precos-n47.pdf
GLP P-13,2024-11-23,Margem de distribuição e revenda,52.27,107.07,2024_novembro_sintese-precos-n47.pdf
GLP P-13,2024-11-23,Tributos estaduais,18.38,107.07,2024_novembro_sintese-precos-n47.pdf
GLP P-13,2024-11-30,GLP do produtor,36.47,107.03,2024_novembro_sintese-precos-n48.pdf
GLP P-13,2024-11-30,Margem de distribuição e revenda,52.18,107.03,2024_novembro_sintese-precos-n48.pdf
GLP P-13,2024-11-30,Tributos estaduais,18.38,107.03,2024_novembro_sintese-precos-n48.pdf
GLP P-13,2024-12-07,GLP do produtor,36.64,107.27,2024_dezembro_sintese-precos-n49.pdf
GLP P-13,2024-12-07,Margem de distribuição e revenda,52.25,107.27,2024_dezembro_sintese-precos-n49.pdf
GLP P-13,2024-12-07,Tributos estaduais,18.38,107.27,2024_dezembro_sintese-precos-n49.pdf
GLP P-13,2024-12-14,GLP do produtor,38.07,107.46,2024_dezembro_sintese-precos-n50.pdf
GLP P-13,2024-12-14,Margem de distribuição e revenda,51.01,107.46,2024_dezembro_sintese-precos-n50.pdf
GLP P-13,2024-12-14,Tributos estaduais,18.38,107.46,2024_dezembro_sintese-precos-n50.pdf
GLP P-13,2024-12-21,GLP do produtor,37.59,107.58,2024_dezembro_sintese-semana-15-a-21-12-24.pdf
GLP P-13,2024-12-21,Margem de distribuição e revenda,51.61,107.58,2024_dezembro_sintese-semana-15-a-21-12-24.pdf
GLP P-13,2024-12-21,Tributos estaduais,18.38,107.58,2024_dezembro_sintese-semana-15-a-21-12-24.pdf
GLP P-13,2024-12-28,GLP do produtor,36.69,107.86,2024_dezembro_sintese-semana-22-a-28-12-24.pdf
GLP P-13,2024-12-28,Margem de distribuição e revenda,52.79,107.86,2024_dezembro_sintese-semana-22-a-28-12-24.pdf
GLP P-13,2024-12-28,Tributos estaduais,18.38,107.86,2024_dezembro_sintese-semana-22-a-28-12-24.pdf
GLP P-13,2025-01-25,GLP do produtor,37.18,107.04,2025_janeiro_sintese-precos-04.pdf
GLP P-13,2025-01-25,Margem de distribuição e revenda,51.48,107.04,2025_janeiro_sintese-precos-04.pdf
GLP P-13,2025-01-25,Tributos estaduais,18.38,107.04,2025_janeiro_sintese-precos-04.pdf
GLP P-13,2025-02-01,GLP do produtor,36.78,106.94,2025_janeiro_sintese-precos-n05.pdf
GLP P-13,2025-02-01,Margem de distribuição e revenda,51.78,106.94,2025_janeiro_sintese-precos-n05.pdf
GLP P-13,2025-02-01,Tributos estaduais,18.38,106.94,2025_janeiro_sintese-precos-n05.pdf
GLP P-13,2025-02-08,GLP do produtor,37.11,107.38,2025_fevereiro_sintese-precos-n06.pdf
GLP P-13,2025-02-08,Margem de distribuição e revenda,52.2,107.38,2025_fevereiro_sintese-precos-n06.pdf
GLP P-13,2025-02-08,Tributos estaduais,18.07,107.38,2025_fevereiro_sintese-precos-n06.pdf
GLP P-13,2025-02-15,GLP do produtor,37.17,107.23,2025_fevereiro_sintese-precos-n07.pdf
GLP P-13,2025-02-15,Margem de distribuição e revenda,51.99,107.23,2025_fevereiro_sintese-precos-n07.pdf
GLP P-13,2025-02-15,Tributos estaduais,18.07,107.23,2025_fevereiro_sintese-precos-n07.pdf
GLP P-13,2025-02-22,GLP do produtor,36.88,107.55,2025_fevereiro_sintese-precos-n08.pdf
GLP P-13,2025-02-22,Margem de distribuição e revenda,52.6,107.55,2025_fevereiro_sintese-precos-n08.pdf
GLP P-13,2025-02-22,Tributos estaduais,18.07,107.55,2025_fevereiro_sintese-precos-n08.pdf
GLP P-13,2025-03-01,GLP do produtor,36.72,107.21,2025_fevereiro_sintese-precos-n09.pdf
GLP P-13,2025-03-01,Margem de distribuição e revenda,52.42,107.21,2025_fevereiro_sintese-precos-n09.pdf
GLP P-13,2025-03-01,Tributos estaduais,18.07,107.21,2025_fevereiro_sintese-precos-n09.pdf
GLP P-13,2025-03-08,GLP do produtor,38.09,107.05,2025_fevereiro_sintese-precos-n10.pdf
GLP P-13,2025-03-08,Margem de distribuição e revenda,50.89,107.05,2025_fevereiro_sintese-precos-n10.pdf
GLP P-13,2025-03-08,Tributos estaduais,18.07,107.05,2025_fevereiro_sintese-precos-n10.pdf
GLP P-13,2025-03-15,GLP do produtor,39.06,107.28,2025_marco_sintese-precos-n11.pdf
GLP P-13,2025-03-15,Margem de distribuição e revenda,50.15,107.28,2025_marco_sintese-precos-n11.pdf
GLP P-13,2025-03-15,Tributos estaduais,18.07,107.28,2025_marco_sintese-precos-n11.pdf
GLP P-13,2025-03-22,GLP do produtor,36.98,107.53,2025_marco_sintese-precos-n12.pdf
GLP P-13,2025-03-22,Margem de distribuição e revenda,52.48,107.53,2025_marco_sintese-precos-n12.pdf
GLP P-13,2025-03-22,Tributos estaduais,18.07,107.53,2025_marco_sintese-precos-n12.pdf
GLP P-13,2025-03-29,GLP do produtor,36.64,107.75,2025_marco_sintese-precos-n13.pdf
GLP P-13,2025-03-29,Margem de distribuição e revenda,53.04,107.75,2025_marco_sintese-precos-n13.pdf
GLP P-13,2025-03-29,Tributos estaduais,18.07,107.75,2025_marco_sintese-precos-n13.pdf
GLP P-13,2025-04-05,GLP do produtor,36.78,107.5,2025_marco_sintese-precos-n14.pdf
GLP P-13,2025-04-05,Margem de distribuição e revenda,52.65,107.5,2025_marco_sintese-precos-n14.pdf
GLP P-13,2025-04-05,Tributos estaduais,18.07,107.5,2025_marco_sintese-precos-n14.pdf
GLP P-13,2025-04-12,GLP do produtor,41.42,107.39,2025_marco_sintese-precos-n15.pdf
GLP P-13,2025-04-12,Margem de distribuição e revenda,47.9,107.39,2025_marco_sintese-precos-n15.pdf
GLP P-13,2025-04-12,Tributos estaduais,18.07,107.39,2025_marco_sintese-precos-n15.pdf
GLP P-13,2025-04-19,GLP do produtor,37.98,107.4,2025_marco_sintese-precos-n16.pdf
GLP P-13,2025-04-19,Margem de distribuição e revenda,51.35,107.4,2025_marco_sintese-precos-n16.pdf
GLP P-13,2025-04-19,Tributos estaduais,18.07,107.4,2025_marco_sintese-precos-n16.pdf
GLP P-13,2025-04-26,GLP do produtor,36.51,107.51,2025_marco_sintese-precos-n17.pdf
GLP P-13,2025-04-26,Margem de distribuição e revenda,52.93,107.51,2025_marco_sintese-precos-n17.pdf
GLP P-13,2025-04-26,Tributos estaduais,18.07,107.51,2025_marco_sintese-precos-n17.pdf
GLP P-13,2025-05-03,GLP do produtor,36.43,107.52,2025_maio_sintese-precos-n18.pdf
GLP P-13,2025-05-03,Margem de distribuição e revenda,53.02,107.52,2025_maio_sintese-precos-n18.pdf
GLP P-13,2025-05-03,Tributos estaduais,18.07,107.52,2025_maio_sintese-precos-n18.pdf
GLP P-13,2025-05-10,GLP do produtor,44.06,108.01,2025_maio_sintese-precos-n19.pdf
GLP P-13,2025-05-10,Margem de distribuição e revenda,45.88,108.01,2025_maio_sintese-precos-n19.pdf
GLP P-13,2025-05-10,Tributos estaduais,18.07,108.01,2025_maio_sintese-precos-n19.pdf
GLP P-13,2025-05-17,GLP do produtor,41.05,108.81,2025_maio_sintese-precos-n20.pdf
GLP P-13,2025-05-17,Margem de distribuição e revenda,49.69,108.81,2025_maio_sintese-precos-n20.pdf
GLP P-13,2025-05-17,Tributos estaduais,18.07,108.81,2025_maio_sintese-precos-n20.pdf
GLP P-13,2025-05-24,GLP do produtor,36.64,108.66,2025_maio_sintese-precos-n21.pdf
GLP P-13,2025-05-24,Margem de distribuição e revenda,53.95,108.66,2025_maio_sintese-precos-n21.pdf
GLP P-13,2025-05-24,Tributos estaduais,18.07,108.66,2025_maio_sintese-precos-n21.pdf
GLP P-13,2025-05-31,GLP do produtor,36.36,108.97,2025_maio_sintese-precos-n22.pdf
GLP P-13,2025-05-31,Margem de distribuição e revenda,54.54,108.97,2025_maio_sintese-precos-n22.pdf
GLP P-13,2025-05-31,Tributos estaduais,18.07,108.97,2025_maio_sintese-precos-n22.pdf
GLP P-13,2025-06-07,GLP do produtor,38.63,108.75,2025_junho_sintese-precos-n23.pdf
GLP P-13,2025-06-07,Margem de distribuição e revenda,52.05,108.75,2025_junho_sintese-precos-n23.pdf
GLP P-13,2025-06-07,Tributos estaduais,18.07,108.75,2025_junho_sintese-precos-n23.pdf
GLP P-13,2025-06-14,GLP do produtor,40.94,108.5,2025_junho_sintese-precos-n24.pdf
GLP P-13,2025-06-14,Margem de distribuição e revenda,49.49,108.5,2025_junho_sintese-precos-n24.pdf
GLP P-13,2025-06-14,Tributos estaduais,18.07,108.5,2025_junho_sintese-precos-n24.pdf
GLP P-13,2025-06-21,GLP do produtor,36.59,108.35,2025_junho_sintese-precos-n25.pdf
GLP P-13,2025-06-21,Margem de distribuição e revenda,53.69,108.35,2025_junho_sintese-precos-n25.pdf
GLP P-13,2025-06-21,Tributos estaduais,18.07,108.35,2025_junho_sintese-precos-n25.pdf
GLP P-13,2025-06-28,GLP do produtor,36.24,108.54,2025_junho_sintese-precos-n26.pdf
GLP P-13,2025-06-28,Margem de distribuição e revenda,54.23,108.54,2025_junho_sintese-precos-n26.pdf
GLP P-13,2025-06-28,Tributos estaduais,18.07,108.54,2025_junho_sintese-precos-n26.pdf
GLP P-13,2025-07-05,GLP do produtor,36.29,108.31,2025_junho_sintese-precos-n27.pdf
GLP P-13,2025-07-05,Margem de distribuição e revenda,53.95,108.31,2025_junho_sintese-precos-n27.pdf
GLP P-13,2025-07-05,Tributos estaduais,18.07,108.31,2025_junho_sintese-precos-n27.pdf
GLP P-13,2025-07-12,GLP do produtor,43.5,108.61,2025_julho_sintese-precos-n28.pdf
GLP P-13,2025-07-12,Margem de distribuição e revenda,47.04,108.61,2025_julho_sintese-precos-n28.pdf
GLP P-13,2025-07-12,Tributos estaduais,18.07,108.61,2025_julho_sintese-precos-n28.pdf
GLP P-13,2025-07-19,GLP do produtor,36.77,108.83,2025_julho_sintese-precos-n29.pdf
GLP P-13,2025-07-19,Margem de distribuição e revenda,53.99,108.83,2025_julho_sintese-precos-n29.pdf
GLP P-13,2025-07-19,Tributos estaduais,18.07,108.83,2025_julho_sintese-precos-n29.pdf
GLP P-13,2025-07-26,GLP do produtor,36.02,107.83,2025_julho_sintese-precos-n30.pdf
GLP P-13,2025-07-26,Margem de distribuição e revenda,53.74,107.83,2025_julho_sintese-precos-n30.pdf
GLP P-13,2025-07-26,Tributos estaduais,18.07,107.83,2025_julho_sintese-precos-n30.pdf
GLP P-13,2025-08-02,GLP do produtor,36.59,107.89,2025_julho_sintese-precos-n31.pdf
GLP P-13,2025-08-02,Margem de distribuição e revenda,53.23,107.89,2025_julho_sintese-precos-n31.pdf
GLP P-13,2025-08-02,Tributos estaduais,18.07,107.89,2025_julho_sintese-precos-n31.pdf
GLP P-13,2025-08-09,GLP do produtor,41.28,107.49,2025_agosto_sintese-precos-n32.pdf
GLP P-13,2025-08-09,Margem de distribuição e revenda,48.14,107.49,2025_agosto_sintese-precos-n32.pdf
GLP P-13,2025-08-09,Tributos estaduais,18.07,107.49,2025_agosto_sintese-precos-n32.pdf
GLP P-13,2025-08-16,GLP do produtor,43.04,108.5,2025_agosto_sintese-precos-n33.pdf
GLP P-13,2025-08-16,Margem de distribuição e revenda,47.39,108.5,2025_agosto_sintese-precos-n33.pdf
GLP P-13,2025-08-16,Tributos estaduais,18.07,108.5,2025_agosto_sintese-precos-n33.pdf
GLP P-13,2025-08-23,GLP do produtor,36.13,107.87,2025_agosto_sintese-precos-n34.pdf
GLP P-13,2025-08-23,Margem de distribuição e revenda,53.67,107.87,2025_agosto_sintese-precos-n34.pdf
GLP P-13,2025-08-23,Tributos estaduais,18.07,107.87,2025_agosto_sintese-precos-n34.pdf
GLP P-13,2025-08-30,GLP do produtor,36.14,107.73,2025_agosto_sintese-precos-n35.pdf
GLP P-13,2025-08-30,Margem de distribuição e revenda,53.52,107.73,2025_agosto_sintese-precos-n35.pdf
GLP P-13,2025-08-30,Tributos estaduais,18.07,107.73,2025_agosto_sintese-precos-n35.pdf
GLP P-13,2025-09-06,GLP do produtor,36.82,107.72,2025_setembro_sintese-precos-36.pdf
GLP P-13,2025-09-06,Margem de distribuição e revenda,52.83,107.72,2025_setembro_sintese-precos-36.pdf
GLP P-13,2025-09-06,Tributos estaduais,18.07,107.72,2025_setembro_sintese-precos-36.pdf
GLP P-13,2025-09-13,GLP do produtor,39,107.82,2025_setembro_sintese-precos-37.pdf
GLP P-13,2025-09-13,Margem de distribuição e revenda,50.75,107.82,2025_setembro_sintese-precos-37.pdf
GLP P-13,2025-09-13,Tributos estaduais,18.07,107.82,2025_setembro_sintese-precos-37.pdf
GLP P-13,2025-09-20,GLP do produtor,36.67,108.7,2025_setembro_sintese-precos-38.pdf
GLP P-13,2025-09-20,Margem de distribuição e revenda,53.96,108.7,2025_setembro_sintese-precos-38.pdf
GLP P-13,2025-09-20,Tributos estaduais,18.07,108.7,2025_setembro_sintese-precos-38.pdf
GLP P-13,2025-09-27,GLP do produtor,35.94,109.71,2025_setembro_sintese-precos-39.pdf
GLP P-13,2025-09-27,Margem de distribuição e revenda,55.7,109.71,2025_setembro_sintese-precos-39.pdf
GLP P-13,2025-09-27,Tributos estaduais,18.07,109.71,2025_setembro_sintese-precos-39.pdf
GLP P-13,2025-10-04,GLP do produtor,35.94,110.43,2025_setembro_sintese-precos-40.pdf
GLP P-13,2025-10-04,Margem de distribuição e revenda,56.42,110.43,2025_setembro_sintese-precos-40.pdf
GLP P-13,2025-10-04,Tributos estaduais,18.07,110.43,2025_setembro_sintese-precos-40.pdf
GLP P-13,2025-10-11,GLP do produtor,36.87,110,2025_outubro_sintese-precos-41.pdf
GLP P-13,2025-10-11,Margem de distribuição e revenda,55.06,110,2025_outubro_sintese-precos-41.pdf
GLP P-13,2025-10-11,Tributos estaduais,18.07,110,2025_outubro_sintese-precos-41.pdf
GLP P-13,2025-10-18,GLP do produtor,36.89,110.26,2025_outubro_sintese-precos-42.pdf
GLP P-13,2025-10-18,Margem de distribuição e revenda,55.3,110.26,2025_outubro_sintese-precos-42.pdf
GLP P-13,2025-10-18,Tributos estaduais,18.07,110.26,2025_outubro_sintese-precos-42.pdf
GLP P-13,2025-10-25,GLP do produtor,36.35,110.28,2025_outubro_sintese-precos-43.pdf
GLP P-13,2025-10-25,Margem de distribuição e revenda,55.86,110.28,2025_outubro_sintese-precos-43.pdf
GLP P-13,2025-10-25,Tributos estaduais,18.07,110.28,2025_outubro_sintese-precos-43.pdf
GLP P-13,2025-11-08,GLP do produtor,36.2,110.31,2025_novembro_sinteseprecos45.pdf
GLP P-13,2025-11-08,Margem de distribuição e revenda,56.04,110.31,2025_novembro_sinteseprecos45.pdf
GLP P-13,2025-11-08,Tributos estaduais,18.07,110.31,2025_novembro_sinteseprecos45.pdf
GLP P-13,2025-11-15,GLP do produtor,36.28,110.34,2025_novembro_sinteseprecos46.pdf
GLP P-13,2025-11-15,Margem de distribuição e revenda,55.99,110.34,2025_novembro_sinteseprecos46.pdf
GLP P-13,2025-11-15,Tributos estaduais,18.07,110.34,2025_novembro_sinteseprecos46.pdf
GLP P-13,2025-11-22,GLP do produtor,36.07,110.48,2025_novembro_sintese-precos-47.pdf
GLP P-13,2025-11-22,Margem de distribuição e revenda,56.34,110.48,2025_novembro_sintese-precos-47.pdf
GLP P-13,2025-11-22,Tributos estaduais,18.07,110.48,2025_novembro_sintese-precos-47.pdf
GLP P-13,2025-11-29,GLP do produtor,36.04,110.13,2025_novembro_sintese-precos-48.pdf
GLP P-13,2025-11-29,Margem de distribuição e revenda,56.02,110.13,2025_novembro_sintese-precos-48.pdf
GLP P-13,2025-11-29,Tributos estaduais,18.07,110.13,2025_novembro_sintese-precos-48.pdf
GLP P-13,2025-12-06,GLP do produtor,36.56,110.27,2025_novembro_sintese-precos-49.pdf
GLP P-13,2025-12-06,Margem de distribuição e revenda,55.64,110.27,2025_novembro_sintese-precos-49.pdf
GLP P-13,2025-12-06,Tributos estaduais,18.07,110.27,2025_novembro_sintese-precos-49.pdf
GLP P-13,2025-12-13,GLP do produtor,37.23,110.13,2025_novembro_sintese-precos-50.pdf
GLP P-13,2025-12-13,Margem de distribuição e revenda,54.83,110.13,2025_novembro_sintese-precos-50.pdf
GLP P-13,2025-12-13,Tributos estaduais,18.07,110.13,2025_novembro_sintese-precos-50.pdf
GLP P-13,2025-12-20,GLP do produtor,36.1,110.24,2025_novembro_sintese-precos-51.pdf
GLP P-13,2025-12-20,Margem de distribuição e revenda,56.07,110.24,2025_novembro_sintese-precos-51.pdf
GLP P-13,2025-12-20,Tributos estaduais,18.07,110.24,2025_novembro_sintese-precos-51.pdf
GLP P-13,2025-12-27,GLP do produtor,35.87,110.29,2025_novembro_sintese-precos-52.pdf
GLP P-13,2025-12-27,Margem de distribuição e revenda,56.35,110.29,2025_novembro_sintese-precos-52.pdf
GLP P-13,2025-12-27,Tributos estaduais,18.07,110.29,2025_novembro_sintese-precos-52.pdf
GLP P-13,2026-01-03,GLP do produtor,35.86,109.68,2025_janeiro_sintese-precos-n01.pdf
GLP P-13,2026-01-03,Margem de distribuição e revenda,54.71,109.68,2025_janeiro_sintese-precos-n01.pdf
GLP P-13,2026-01-03,Tributos estaduais,19.11,109.68,2025_janeiro_sintese-precos-n01.pdf
GLP P-13,2026-01-10,GLP do produtor,39.18,110.38,2025_janeiro_sintese-precos-n02.pdf
GLP P-13,2026-01-10,GLP do produtor,39.18,110.38,2026_sintese-precos-02.pdf
GLP P-13,2026-01-10,Margem de distribuição e revenda,52.09,110.38,2025_janeiro_sintese-precos-n02.pdf
GLP P-13,2026-01-10,Margem de distribuição e revenda,52.09,110.38,2026_sintese-precos-02.pdf
GLP P-13,2026-01-10,Tributos estaduais,19.11,110.38,2025_janeiro_sintese-precos-n02.pdf
GLP P-13,2026-01-10,Tributos estaduais,19.11,110.38,2026_sintese-precos-02.pdf
GLP P-13,2026-01-17,GLP do produtor,39.2,110.32,2025_janeiro_sintese-precos-n03.pdf
GLP P-13,2026-01-17,Margem de distribuição e revenda,52.01,110.32,2025_janeiro_sintese-precos-n03.pdf
GLP P-13,2026-01-17,Tributos estaduais,19.11,110.32,2025_janeiro_sintese-precos-n03.pdf
GLP P-13,2026-01-24,GLP do produtor,35.94,110.39,2026_sintese-precos-04.pdf
GLP P-13,2026-01-24,Margem de distribuição e revenda,55.34,110.39,2026_sintese-precos-04.pdf
GLP P-13,2026-01-24,Tributos estaduais,19.11,110.39,2026_sintese-precos-04.pdf
GLP P-13,2026-01-31,GLP do produtor,35.76,110.16,2026_sintese-precos-05.pdf
GLP P-13,2026-01-31,Margem de distribuição e revenda,55.29,110.16,2026_sintese-precos-05.pdf
GLP P-13,2026-01-31,Tributos estaduais,19.11,110.16,2026_sintese-precos-05.pdf
GLP P-13,2026-02-07,GLP do produtor,35.7,109.67,2026_sintese-precos-06.pdf
GLP P-13,2026-02-07,Margem de distribuição e revenda,54.86,109.67,2026_sintese-precos-06.pdf
GLP P-13,2026-02-07,Tributos estaduais,19.11,109.67,2026_sintese-precos-06.pdf
GLP P-13,2026-02-14,GLP do produtor,35.82,110.28,2026_sintese-precos-07.pdf
GLP P-13,2026-02-14,Margem de distribuição e revenda,55.35,110.28,2026_sintese-precos-07.pdf
GLP P-13,2026-02-14,Tributos estaduais,19.11,110.28,2026_sintese-precos-07.pdf
GLP P-13,2026-02-21,GLP do produtor,35.79,110.12,2026_sintese-precos-08.pdf
GLP P-13,2026-02-21,Margem de distribuição e revenda,55.22,110.12,2026_sintese-precos-08.pdf
GLP P-13,2026-02-21,Tributos estaduais,19.11,110.12,2026_sintese-precos-08.pdf
GLP P-13,2026-02-28,GLP do produtor,35.8,109.87,2026_sintese-precos-09.pdf
GLP P-13,2026-02-28,Margem de distribuição e revenda,54.96,109.87,2026_sintese-precos-09.pdf
GLP P-13,2026-02-28,Tributos estaduais,19.11,109.87,2026_sintese-precos-09.pdf
GLP P-13,2026-03-07,GLP do produtor,36.71,110.06,2026_sintese-precos-10.pdf
GLP P-13,2026-03-07,Margem de distribuição e revenda,54.24,110.06,2026_sintese-precos-10.pdf
GLP P-13,2026-03-07,Tributos estaduais,19.11,110.06,2026_sintese-precos-10.pdf
GLP P-13,2026-03-14,GLP do produtor,39.03,109.89,2026_sintese-precos-11.pdf
GLP P-13,2026-03-14,Margem de distribuição e revenda,51.75,109.89,2026_sintese-precos-11.pdf
GLP P-13,2026-03-14,Tributos estaduais,19.11,109.89,2026_sintese-precos-11.pdf
GLP P-13,2026-03-21,GLP do produtor,36.02,109.91,2026_sintese-precos-12.pdf
GLP P-13,2026-03-21,Margem de distribuição e revenda,54.78,109.91,2026_sintese-precos-12.pdf
GLP P-13,2026-03-21,Tributos estaduais,19.11,109.91,2026_sintese-precos-12.pdf
GLP P-13,2026-03-28,GLP do produtor,35.91,110.18,2026_sintese-precos-13.pdf
GLP P-13,2026-03-28,Margem de distribuição e revenda,55.16,110.18,2026_sintese-precos-13.pdf
GLP P-13,2026-03-28,Tributos estaduais,19.11,110.18,2026_sintese-precos-13.pdf
GLP P-13,2026-04-04,GLP do produtor,35.92,110.52,2026_sintese-precos-14.pdf
GLP P-13,2026-04-04,Margem de distribuição e revenda,55.49,110.52,2026_sintese-precos-14.pdf
GLP P-13,2026-04-04,Tributos estaduais,19.11,110.52,2026_sintese-precos-14.pdf
GLP P-13,2026-04-11,GLP do produtor,46.43,112.42,2026_sintese-precos-21.pdf
GLP P-13,2026-04-11,GLP do produtor,46.43,112.42,2026_sinteseprecos15.pdf
GLP P-13,2026-04-11,Margem de distribuição e revenda,46.88,112.42,2026_sintese-precos-21.pdf
GLP P-13,2026-04-11,Margem de distribuição e revenda,46.88,112.42,2026_sinteseprecos15.pdf
GLP P-13,2026-04-11,Tributos estaduais,19.11,112.42,2026_sintese-precos-21.pdf
GLP P-13,2026-04-11,Tributos estaduais,19.11,112.42,2026_sinteseprecos15.pdf
GLP P-13,2026-04-18,GLP do produtor,39.71,114.39,2026_sinteseprecos16.pdf
GLP P-13,2026-04-18,Margem de distribuição e revenda,55.57,114.39,2026_sinteseprecos16.pdf
GLP P-13,2026-04-18,Tributos estaduais,19.11,114.39,2026_sinteseprecos16.pdf
GLP P-13,2026-04-25,GLP do produtor,31.48,114.61,2026_sintese-precos-17.pdf
GLP P-13,2026-04-25,Margem de distribuição e revenda,64.02,114.61,2026_sintese-precos-17.pdf
GLP P-13,2026-04-25,Tributos estaduais,19.11,114.61,2026_sintese-precos-17.pdf
GLP P-13,2026-05-02,GLP do produtor,35.51,114.88,2026_sintese-precos-18.pdf
GLP P-13,2026-05-02,Margem de distribuição e revenda,60.26,114.88,2026_sintese-precos-18.pdf
GLP P-13,2026-05-02,Tributos estaduais,19.11,114.88,2026_sintese-precos-18.pdf
GLP P-13,2026-05-09,GLP do produtor,36.27,114.94,2026_sintese-precos-19.pdf
GLP P-13,2026-05-09,Margem de distribuição e revenda,59.56,114.94,2026_sintese-precos-19.pdf
GLP P-13,2026-05-09,Tributos estaduais,19.11,114.94,2026_sintese-precos-19.pdf
GLP P-13,2026-05-16,GLP do produtor,36.24,114.77,2026_sinteseprecos20.pdf
GLP P-13,2026-05-16,Margem de distribuição e revenda,59.42,114.77,2026_sinteseprecos20.pdf
GLP P-13,2026-05-16,Tributos estaduais,19.11,114.77,2026_sinteseprecos20.pdf
GLP P-13,2026-05-30,GLP do produtor,36.23,114.65,2026_sintese-precos-22.pdf
GLP P-13,2026-05-30,Margem de distribuição e revenda,59.31,114.65,2026_sintese-precos-22.pdf
GLP P-13,2026-05-30,Tributos estaduais,19.11,114.65,2026_sintese-precos-22.pdf
GLP P-13,2026-06-06,GLP do produtor,36.34,114.98,2026_sintese-precos-23.pdf
GLP P-13,2026-06-06,Margem de distribuição e revenda,59.53,114.98,2026_sintese-precos-23.pdf
GLP P-13,2026-06-06,Tributos estaduais,19.11,114.98,2026_sintese-precos-23.pdf
GLP P-13,2026-06-13,GLP do produtor,36.28,114.9,2026_sintese-precos-24.pdf
GLP P-13,2026-06-13,Margem de distribuição e revenda,59.51,114.9,2026_sintese-precos-24.pdf
GLP P-13,2026-06-13,Tributos estaduais,19.11,114.9,2026_sintese-precos-24.pdf
GLP P-13,2026-06-20,GLP do produtor,36.38,114.47,2026_sintese-precos-25.pdf
GLP P-13,2026-06-20,Margem de distribuição e revenda,58.98,114.47,2026_sintese-precos-25.pdf
GLP P-13,2026-06-20,Tributos estaduais,19.11,114.47,2026_sintese-precos-25.pdf
GLP P-13,2026-06-27,GLP do produtor,36.55,114.08,2026_sintese-precos-26.pdf
GLP P-13,2026-06-27,Margem de distribuição e revenda,58.42,114.08,2026_sintese-precos-26.pdf
GLP P-13,2026-06-27,Tributos estaduais,19.11,114.08,2026_sintese-precos-26.pdf
GLP P-13,2026-07-04,GLP do produtor,36.39,114.66,2026_sintese-precos-27.pdf
GLP P-13,2026-07-04,Margem de distribuição e revenda,59.16,114.66,2026_sintese-precos-27.pdf
GLP P-13,2026-07-04,Tributos estaduais,19.11,114.66,2026_sintese-precos-27.pdf
GLP P-13,2026-07-11,GLP do produtor,36.31,114.41,2026_sintese-precos-28.pdf
GLP P-13,2026-07-11,Margem de distribuição e revenda,58.99,114.41,2026_sintese-precos-28.pdf
GLP P-13,2026-07-11,Tributos estaduais,19.11,114.41,2026_sintese-precos-28.pdf
GLP P-13,2026-07-18,GLP do produtor,36.61,114.48,2026_sintese-precos-29.pdf
GLP P-13,2026-07-18,Margem de distribuição e revenda,58.76,114.48,2026_sintese-precos-29.pdf
GLP P-13,2026-07-18,Tributos estaduais,19.11,114.48,2026_sintese-precos-29.pdf
GLP P-13,2026-07-25,GLP do produtor,36.57,114.34,2026_sintese-precos-30.pdf
GLP P-13,2026-07-25,Margem de distribuição e revenda,58.66,114.34,2026_sintese-precos-30.pdf
GLP P-13,2026-07-25,Tributos estaduais,19.11,114.34,2026_sintese-precos-30.pdf
GLP P-13,2026-08-01,GLP do produtor,36.36,114.04,2026_sintese-precos-31.pdf
GLP P-13,2026-08-01,Margem de distribuição e revenda,58.57,114.04,2026_sintese-precos-31.pdf
GLP P-13,2026-08-01,Tributos estaduais,19.11,114.04,2026_sintese-precos-31.pdf
GLP P-13,2026-08-08,GLP do produtor,35.98,113.94,2026_sintese-precos-32.pdf
GLP P-13,2026-08-08,Margem de distribuição e revenda,58.85,113.94,2026_sintese-precos-32.pdf
GLP P-13,2026-08-08,Tributos estaduais,19.11,113.94,2026_sintese-precos-32.pdf
GLP P-13,2026-08-15,GLP do produtor,35.52,113.89,2026_sintese-precos-33.pdf
GLP P-13,2026-08-15,Margem de distribuição e revenda,59.26,113.89,2026_sintese-precos-33.pdf
GLP P-13,2026-08-15,Tributos estaduais,19.11,113.89,2026_sintese-precos-33.pdf
GLP P-13,2026-08-29,GLP do produtor,36.25,113.9,2026_sintese-precos-35.pdf
GLP P-13,2026-08-29,Margem de distribuição e revenda,58.54,113.9,2026_sintese-precos-35.pdf
GLP P-13,2026-08-29,Tributos estaduais,19.11,113.9,2026_sintese-precos-35.pdf
GLP P-13,2026-09-05,GLP do produtor,36.21,114.09,2026_sintese-precos-36.pdf
GLP P-13,2026-09-05,Margem de distribuição e revenda,58.77,114.09,2026_sintese-precos-36.pdf
GLP P-13,2026-09-05,Tributos estaduais,19.11,114.09,2026_sintese-precos-36.pdf
GLP P-13,2026-09-12,GLP do produtor,36.2,114.28,2026_sintese-precos-37.pdf
GLP P-13,2026-09-12,Margem de distribuição e revenda,58.97,114.28,2026_sintese-precos-37.pdf
GLP P-13,2026-09-12,Tributos estaduais,19.11,114.28,2026_sintese-precos-37.pdf
GLP P-13,2026-09-19,GLP do produtor,36.06,114.24,2026_sintese-precos-38.pdf
GLP P-13,2026-09-19,Margem de distribuição e revenda,59.07,114.24,2026_sintese-precos-38.pdf
GLP P-13,2026-09-19,Tributos estaduais,19.11,114.24,2026_sintese-precos-38.pdf
GLP P-13,2026-09-26,GLP do produtor,36.09,114.8,2026_sintese-precos-39.pdf
GLP P-13,2026-09-26,Margem de distribuição e revenda,59.6,114.8,2026_sintese-precos-39.pdf
GLP P-13,2026-09-26,Tributos estaduais,19.11,114.8,2026_sintese-precos-39.pdf
GLP P-13,2026-10-03,GLP do produtor,36.02,114.88,2026_sintese-precos-40.pdf
GLP P-13,2026-10-03,Margem de distribuição e revenda,59.75,114.88,2026_sintese-precos-40.pdf
GLP P-13,2026-10-03,Tributos estaduais,19.11,114.88,2026_sintese-precos-40.pdf
Gasolina C,2024-04-20,Etanol anidro,0.64,5.8,2024_abril_sintese-precos-n16.pdf
Gasolina C,2024-04-20,Gasolina A,2.06,5.8,2024_abril_sintese-precos-n16.pdf
Gasolina C,2024-04-20,Margem de distribuição e revenda,1.04,5.8,2024_abril_sintese-precos-n16.pdf
Gasolina C,2024-04-20,Tributos estaduais,1.37,5.8,2024_abril_sintese-precos-n16.pdf
Gasolina C,2024-04-20,Tributos federais,0.69,5.8,2024_abril_sintese-precos-n16.pdf
Gasolina C,2024-04-27,Etanol anidro,0.64,5.84,2024_abril_sintese-precos-n17.pdf
Gasolina C,2024-04-27,Gasolina A,2.08,5.84,2024_abril_sintese-precos-n17.pdf
Gasolina C,2024-04-27,Margem de distribuição e revenda,1.07,5.84,2024_abril_sintese-precos-n17.pdf
Gasolina C,2024-04-27,Tributos estaduais,1.37,5.84,2024_abril_sintese-precos-n17.pdf
Gasolina C,2024-04-27,Tributos federais,0.69,5.84,2024_abril_sintese-precos-n17.pdf
Gasolina C,2024-05-04,Etanol anidro,0.64,5.84,2024_maio_sintese-precos-n18.pdf
Gasolina C,2024-05-04,Gasolina A,2.34,5.84,2024_maio_sintese-precos-n18.pdf
Gasolina C,2024-05-04,Margem de distribuição e revenda,0.81,5.84,2024_maio_sintese-precos-n18.pdf
Gasolina C,2024-05-04,Tributos estaduais,1.37,5.84,2024_maio_sintese-precos-n18.pdf
Gasolina C,2024-05-04,Tributos federais,0.69,5.84,2024_maio_sintese-precos-n18.pdf
Gasolina C,2024-05-11,Etanol anidro,0.64,5.87,2024_maio_sintese-precos-n19.pdf
Gasolina C,2024-05-11,Gasolina A,2.1,5.87,2024_maio_sintese-precos-n19.pdf
Gasolina C,2024-05-11,Margem de distribuição e revenda,1.07,5.87,2024_maio_sintese-precos-n19.pdf
Gasolina C,2024-05-11,Tributos estaduais,1.37,5.87,2024_maio_sintese-precos-n19.pdf
Gasolina C,2024-05-11,Tributos federais,0.69,5.87,2024_maio_sintese-precos-n19.pdf
Gasolina C,2024-05-18,Etanol anidro,0.73,5.87,2024_maio_sintese-precos-n20.pdf
Gasolina C,2024-05-18,Gasolina A,2.08,5.87,2024_maio_sintese-precos-n20.pdf
Gasolina C,2024-05-18,Margem de distribuição e revenda,1.01,5.87,2024_maio_sintese-precos-n20.pdf
Gasolina C,2024-05-18,Tributos estaduais,1.37,5.87,2024_maio_sintese-precos-n20.pdf
Gasolina C,2024-05-18,Tributos federais,0.69,5.87,2024_maio_sintese-precos-n20.pdf
Gasolina C,2024-05-25,Etanol anidro,0.72,5.85,2024_maio_sintese-precos-n21.pdf
Gasolina C,2024-05-25,Gasolina A,2.07,5.85,2024_maio_sintese-precos-n21.pdf
Gasolina C,2024-05-25,Margem de distribuição e revenda,1,5.85,2024_maio_sintese-precos-n21.pdf
Gasolina C,2024-05-25,Tributos estaduais,1.37,5.85,2024_maio_sintese-precos-n21.pdf
Gasolina C,2024-05-25,Tributos federais,0.69,5.85,2024_maio_sintese-precos-n21.pdf
Gasolina C,2024-06-08,Etanol anidro,0.71,5.85,2024_junho_sintese-precos-n23.pdf
Gasolina C,2024-06-08,Gasolina A,2.07,5.85,2024_junho_sintese-precos-n23.pdf
Gasolina C,2024-06-08,Margem de distribuição e revenda,1.02,5.85,2024_junho_sintese-precos-n23.pdf
Gasolina C,2024-06-08,Tributos estaduais,1.37,5.85,2024_junho_sintese-precos-n23.pdf
Gasolina C,2024-06-08,Tributos federais,0.69,5.85,2024_junho_sintese-precos-n23.pdf
Gasolina C,2024-06-15,Etanol anidro,0.71,5.85,2024_junho_sintese-precos-n24.pdf
Gasolina C,2024-06-15,Gasolina A,2.06,5.85,2024_junho_sintese-precos-n24.pdf
Gasolina C,2024-06-15,Margem de distribuição e revenda,1.03,5.85,2024_junho_sintese-precos-n24.pdf
Gasolina C,2024-06-15,Tributos estaduais,1.37,5.85,2024_junho_sintese-precos-n24.pdf
Gasolina C,2024-06-15,Tributos federais,0.69,5.85,2024_junho_sintese-precos-n24.pdf
Gasolina C,2024-06-22,Etanol anidro,0.71,5.86,2024_junho_sintese-precos-n25.pdf
Gasolina C,2024-06-22,Gasolina A,2.06,5.86,2024_junho_sintese-precos-n25.pdf
Gasolina C,2024-06-22,Margem de distribuição e revenda,1.03,5.86,2024_junho_sintese-precos-n25.pdf
Gasolina C,2024-06-22,Tributos estaduais,1.37,5.86,2024_junho_sintese-precos-n25.pdf
Gasolina C,2024-06-22,Tributos federais,0.69,5.86,2024_junho_sintese-precos-n25.pdf
Gasolina C,2024-06-29,Etanol anidro,0.73,5.86,2024_junho_sintese-precos-n26.pdf
Gasolina C,2024-06-29,Gasolina A,2.06,5.86,2024_junho_sintese-precos-n26.pdf
Gasolina C,2024-06-29,Margem de distribuição e revenda,1.01,5.86,2024_junho_sintese-precos-n26.pdf
Gasolina C,2024-06-29,Tributos estaduais,1.37,5.86,2024_junho_sintese-precos-n26.pdf
Gasolina C,2024-06-29,Tributos federais,0.69,5.86,2024_junho_sintese-precos-n26.pdf
Gasolina C,2024-07-06,Etanol anidro,0.74,5.85,2024_julho_sintese-precos-n27.pdf
Gasolina C,2024-07-06,Gasolina A,2.06,5.85,2024_julho_sintese-precos-n27.pdf
Gasolina C,2024-07-06,Margem de distribuição e revenda,0.99,5.85,2024_julho_sintese-precos-n27.pdf
Gasolina C,2024-07-06,Tributos estaduais,1.37,5.85,2024_julho_sintese-precos-n27.pdf
Gasolina C,2024-07-06,Tributos federais,0.69,5.85,2024_julho_sintese-precos-n27.pdf
Gasolina C,2024-07-13,Etanol anidro,0.79,5.97,2024_julho_sintese-precos-n28.pdf
Gasolina C,2024-07-13,Gasolina A,2.06,5.97,2024_julho_sintese-precos-n28.pdf
Gasolina C,2024-07-13,Margem de distribuição e revenda,1.07,5.97,2024_julho_sintese-precos-n28.pdf
Gasolina C,2024-07-13,Tributos estaduais,1.37,5.97,2024_julho_sintese-precos-n28.pdf
Gasolina C,2024-07-13,Tributos federais,0.69,5.97,2024_julho_sintese-precos-n28.pdf
Gasolina C,2024-07-20,Etanol anidro,0.83,6.13,2024_julho_sintese-precos-n29.pdf
Gasolina C,2024-07-20,Gasolina A,2.17,6.13,2024_julho_sintese-precos-n29.pdf
Gasolina C,2024-07-20,Margem de distribuição e revenda,1.07,6.13,2024_julho_sintese-precos-n29.pdf
Gasolina C,2024-07-20,Tributos estaduais,1.37,6.13,2024_julho_sintese-precos-n29.pdf
Gasolina C,2024-07-20,Tributos federais,0.69,6.13,2024_julho_sintese-precos-n29.pdf
Gasolina C,2024-07-27,Etanol anidro,0.82,6.13,2024_julho_sintese-precos-n30.pdf
Gasolina C,2024-07-27,Gasolina A,2.21,6.13,2024_julho_sintese-precos-n30.pdf
Gasolina C,2024-07-27,Margem de distribuição e revenda,1.04,6.13,2024_julho_sintese-precos-n30.pdf
Gasolina C,2024-07-27,Tributos estaduais,1.37,6.13,2024_julho_sintese-precos-n30.pdf
Gasolina C,2024-07-27,Tributos federais,0.69,6.13,2024_julho_sintese-precos-n30.pdf
Gasolina C,2024-08-03,Etanol anidro,0.8,6.13,2024_julho_sintese-precos-n31.pdf
Gasolina C,2024-08-03,Gasolina A,2.19,6.13,2024_julho_sintese-precos-n31.pdf
Gasolina C,2024-08-03,Margem de distribuição e revenda,1.08,6.13,2024_julho_sintese-precos-n31.pdf
Gasolina C,2024-08-03,Tributos estaduais,1.37,6.13,2024_julho_sintese-precos-n31.pdf
Gasolina C,2024-08-03,Tributos federais,0.69,6.13,2024_julho_sintese-precos-n31.pdf
Gasolina C,2024-08-10,Etanol anidro,0.79,6.13,2024_agosto_2024_08_19_nova-sintese-de-precos_semana-de-04-08-a-10-08_v2.pdf
Gasolina C,2024-08-10,Gasolina A,2.22,6.13,2024_agosto_2024_08_19_nova-sintese-de-precos_semana-de-04-08-a-10-08_v2.pdf
Gasolina C,2024-08-10,Margem de distribuição e revenda,1.06,6.13,2024_agosto_2024_08_19_nova-sintese-de-precos_semana-de-04-08-a-10-08_v2.pdf
Gasolina C,2024-08-10,Tributos estaduais,1.37,6.13,2024_agosto_2024_08_19_nova-sintese-de-precos_semana-de-04-08-a-10-08_v2.pdf
Gasolina C,2024-08-10,Tributos federais,0.69,6.13,2024_agosto_2024_08_19_nova-sintese-de-precos_semana-de-04-08-a-10-08_v2.pdf
Gasolina C,2024-08-17,Etanol anidro,0.81,6.12,2024_agosto_sintese-precos-n33.pdf
Gasolina C,2024-08-17,Gasolina A,2.2,6.12,2024_agosto_sintese-precos-n33.pdf
Gasolina C,2024-08-17,Margem de distribuição e revenda,1.05,6.12,2024_agosto_sintese-precos-n33.pdf
Gasolina C,2024-08-17,Tributos estaduais,1.37,6.12,2024_agosto_sintese-precos-n33.pdf
Gasolina C,2024-08-17,Tributos federais,0.69,6.12,2024_agosto_sintese-precos-n33.pdf
Gasolina C,2024-08-24,Etanol anidro,0.8,6.11,2024_agosto_sintese-precos-n34.pdf
Gasolina C,2024-08-24,Gasolina A,2.19,6.11,2024_agosto_sintese-precos-n34.pdf
Gasolina C,2024-08-24,Margem de distribuição e revenda,1.06,6.11,2024_agosto_sintese-precos-n34.pdf
Gasolina C,2024-08-24,Tributos estaduais,1.37,6.11,2024_agosto_sintese-precos-n34.pdf
Gasolina C,2024-08-24,Tributos federais,0.69,6.11,2024_agosto_sintese-precos-n34.pdf
Gasolina C,2024-08-31,Etanol anidro,0.79,6.09,2024_agosto_sintese-precos-n35.pdf
Gasolina C,2024-08-31,Gasolina A,2.19,6.09,2024_agosto_sintese-precos-n35.pdf
Gasolina C,2024-08-31,Margem de distribuição e revenda,1.05,6.09,2024_agosto_sintese-precos-n35.pdf
Gasolina C,2024-08-31,Tributos estaduais,1.37,6.09,2024_agosto_sintese-precos-n35.pdf
Gasolina C,2024-08-31,Tributos federais,0.69,6.09,2024_agosto_sintese-precos-n35.pdf
Gasolina C,2024-09-07,Etanol anidro,0.79,6.09,2024_setembro_sintese-precos-n36.pdf
Gasolina C,2024-09-07,Gasolina A,2.2,6.09,2024_setembro_sintese-precos-n36.pdf
Gasolina C,2024-09-07,Margem de distribuição e revenda,1.05,6.09,2024_setembro_sintese-precos-n36.pdf
Gasolina C,2024-09-07,Tributos estaduais,1.37,6.09,2024_setembro_sintese-precos-n36.pdf
Gasolina C,2024-09-07,Tributos federais,0.69,6.09,2024_setembro_sintese-precos-n36.pdf
Gasolina C,2024-09-14,Etanol anidro,0.79,6.1,2024_setembro_sintese-precos-n37.pdf
Gasolina C,2024-09-14,Gasolina A,2.19,6.1,2024_setembro_sintese-precos-n37.pdf
Gasolina C,2024-09-14,Margem de distribuição e revenda,1.05,6.1,2024_setembro_sintese-precos-n37.pdf
Gasolina C,2024-09-14,Tributos estaduais,1.37,6.1,2024_setembro_sintese-precos-n37.pdf
Gasolina C,2024-09-14,Tributos federais,0.69,6.1,2024_setembro_sintese-precos-n37.pdf
Gasolina C,2024-09-21,Etanol anidro,0.77,6.09,2024_setembro_sintese-precos-n38.pdf
Gasolina C,2024-09-21,Gasolina A,2.17,6.09,2024_setembro_sintese-precos-n38.pdf
Gasolina C,2024-09-21,Margem de distribuição e revenda,1.09,6.09,2024_setembro_sintese-precos-n38.pdf
Gasolina C,2024-09-21,Tributos estaduais,1.37,6.09,2024_setembro_sintese-precos-n38.pdf
Gasolina C,2024-09-21,Tributos federais,0.69,6.09,2024_setembro_sintese-precos-n38.pdf
Gasolina C,2024-09-28,Etanol anidro,0.75,6.07,2024_setembro_sintese-precos-n39.pdf
Gasolina C,2024-09-28,Gasolina A,2.17,6.07,2024_setembro_sintese-precos-n39.pdf
Gasolina C,2024-09-28,Margem de distribuição e revenda,1.09,6.07,2024_setembro_sintese-precos-n39.pdf
Gasolina C,2024-09-28,Tributos estaduais,1.37,6.07,2024_setembro_sintese-precos-n39.pdf
Gasolina C,2024-09-28,Tributos federais,0.69,6.07,2024_setembro_sintese-precos-n39.pdf
Gasolina C,2024-10-05,Etanol anidro,0.75,6.07,2024_setembro_sintese-precos-n40.pdf
Gasolina C,2024-10-05,Gasolina A,2.19,6.07,2024_setembro_sintese-precos-n40.pdf
Gasolina C,2024-10-05,Margem de distribuição e revenda,1.07,6.07,2024_setembro_sintese-precos-n40.pdf
Gasolina C,2024-10-05,Tributos estaduais,1.37,6.07,2024_setembro_sintese-precos-n40.pdf
Gasolina C,2024-10-05,Tributos federais,0.69,6.07,2024_setembro_sintese-precos-n40.pdf
Gasolina C,2024-10-12,Etanol anidro,0.74,6.09,2024_outubro_sintese-precos-n41.pdf
Gasolina C,2024-10-12,Gasolina A,2.18,6.09,2024_outubro_sintese-precos-n41.pdf
Gasolina C,2024-10-12,Margem de distribuição e revenda,1.11,6.09,2024_outubro_sintese-precos-n41.pdf
Gasolina C,2024-10-12,Tributos estaduais,1.37,6.09,2024_outubro_sintese-precos-n41.pdf
Gasolina C,2024-10-12,Tributos federais,0.69,6.09,2024_outubro_sintese-precos-n41.pdf
Gasolina C,2024-10-19,Etanol anidro,0.74,6.09,2024_outubro_sintese-precos-n42.pdf
Gasolina C,2024-10-19,Gasolina A,2.17,6.09,2024_outubro_sintese-precos-n42.pdf
Gasolina C,2024-10-19,Margem de distribuição e revenda,1.11,6.09,2024_outubro_sintese-precos-n42.pdf
Gasolina C,2024-10-19,Tributos estaduais,1.37,6.09,2024_outubro_sintese-precos-n42.pdf
Gasolina C,2024-10-19,Tributos federais,0.69,6.09,2024_outubro_sintese-precos-n42.pdf
Gasolina C,2024-10-26,Etanol anidro,0.78,6.11,2024_outubro_sintese-precos-n43.pdf
Gasolina C,2024-10-26,Gasolina A,2.18,6.11,2024_outubro_sintese-precos-n43.pdf
Gasolina C,2024-10-26,Margem de distribuição e revenda,1.1,6.11,2024_outubro_sintese-precos-n43.pdf
Gasolina C,2024-10-26,Tributos estaduais,1.37,6.11,2024_outubro_sintese-precos-n43.pdf
Gasolina C,2024-10-26,Tributos federais,0.69,6.11,2024_outubro_sintese-precos-n43.pdf
Gasolina C,2024-11-02,Etanol anidro,0.78,6.09,2024_outubro_sintese-precos-n44.pdf
Gasolina C,2024-11-02,Gasolina A,2.18,6.09,2024_outubro_sintese-precos-n44.pdf
Gasolina C,2024-11-02,Margem de distribuição e revenda,1.07,6.09,2024_outubro_sintese-precos-n44.pdf
Gasolina C,2024-11-02,Tributos estaduais,1.37,6.09,2024_outubro_sintese-precos-n44.pdf
Gasolina C,2024-11-02,Tributos federais,0.69,6.09,2024_outubro_sintese-precos-n44.pdf
Gasolina C,2024-11-09,Etanol anidro,0.79,6.1,2024_novembro_sintese-precos-n45.pdf
Gasolina C,2024-11-09,Gasolina A,2.18,6.1,2024_novembro_sintese-precos-n45.pdf
Gasolina C,2024-11-09,Margem de distribuição e revenda,1.07,6.1,2024_novembro_sintese-precos-n45.pdf
Gasolina C,2024-11-09,Tributos estaduais,1.37,6.1,2024_novembro_sintese-precos-n45.pdf
Gasolina C,2024-11-09,Tributos federais,0.69,6.1,2024_novembro_sintese-precos-n45.pdf
Gasolina C,2024-11-16,Etanol anidro,0.79,6.1,2024_novembro_sintese-precos-n46.pdf
Gasolina C,2024-11-16,Gasolina A,2.18,6.1,2024_novembro_sintese-precos-n46.pdf
Gasolina C,2024-11-16,Margem de distribuição e revenda,1.07,6.1,2024_novembro_sintese-precos-n46.pdf
Gasolina C,2024-11-16,Tributos estaduais,1.37,6.1,2024_novembro_sintese-precos-n46.pdf
Gasolina C,2024-11-16,Tributos federais,0.69,6.1,2024_novembro_sintese-precos-n46.pdf
Gasolina C,2024-11-23,Etanol anidro,0.78,6.1,2024_novembro_sintese-precos-n47.pdf
Gasolina C,2024-11-23,Gasolina A,2.19,6.1,2024_novembro_sintese-precos-n47.pdf
Gasolina C,2024-11-23,Margem de distribuição e revenda,1.07,6.1,2024_novembro_sintese-precos-n47.pdf
Gasolina C,2024-11-23,Tributos estaduais,1.37,6.1,2024_novembro_sintese-precos-n47.pdf
Gasolina C,2024-11-23,Tributos federais,0.69,6.1,2024_novembro_sintese-precos-n47.pdf
Gasolina C,2024-11-30,Etanol anidro,0.79,6.1,2024_novembro_sintese-precos-n48.pdf
Gasolina C,2024-11-30,Gasolina A,2.19,6.1,2024_novembro_sintese-precos-n48.pdf
Gasolina C,2024-11-30,Margem de distribuição e revenda,1.07,6.1,2024_novembro_sintese-precos-n48.pdf
Gasolina C,2024-11-30,Tributos estaduais,1.37,6.1,2024_novembro_sintese-precos-n48.pdf
Gasolina C,2024-11-30,Tributos federais,0.69,6.1,2024_novembro_sintese-precos-n48.pdf
Gasolina C,2024-12-07,Etanol anidro,0.76,6.12,2024_dezembro_sintese-precos-n49.pdf
Gasolina C,2024-12-07,Gasolina A,2.18,6.12,2024_dezembro_sintese-precos-n49.pdf
Gasolina C,2024-12-07,Margem de distribuição e revenda,1.12,6.12,2024_dezembro_sintese-precos-n49.pdf
Gasolina C,2024-12-07,Tributos estaduais,1.37,6.12,2024_dezembro_sintese-precos-n49.pdf
Gasolina C,2024-12-07,Tributos federais,0.69,6.12,2024_dezembro_sintese-precos-n49.pdf
Gasolina C,2024-12-14,Etanol anidro,0.79,6.15,2024_dezembro_sintese-precos-n50.pdf
Gasolina C,2024-12-14,Gasolina A,2.18,6.15,2024_dezembro_sintese-precos-n50.pdf
Gasolina C,2024-12-14,Margem de distribuição e revenda,1.12,6.15,2024_dezembro_sintese-precos-n50.pdf
Gasolina C,2024-12-14,Tributos estaduais,1.37,6.15,2024_dezembro_sintese-precos-n50.pdf
Gasolina C,2024-12-14,Tributos federais,0.69,6.15,2024_dezembro_sintese-precos-n50.pdf
Gasolina C,2024-12-21,Etanol anidro,0.8,6.15,2024_dezembro_sintese-semana-15-a-21-12-24.pdf
Gasolina C,2024-12-21,Gasolina A,2.19,6.15,2024_dezembro_sintese-semana-15-a-21-12-24.pdf
Gasolina C,2024-12-21,Margem de distribuição e revenda,1.11,6.15,2024_dezembro_sintese-semana-15-a-21-12-24.pdf
Gasolina C,2024-12-21,Tributos estaduais,1.37,6.15,2024_dezembro_sintese-semana-15-a-21-12-24.pdf
Gasolina C,2024-12-21,Tributos federais,0.69,6.15,2024_dezembro_sintese-semana-15-a-21-12-24.pdf
Gasolina C,2024-12-28,Etanol anidro,0.81,6.15,2024_dezembro_sintese-semana-22-a-28-12-24.pdf
Gasolina C,2024-12-28,Gasolina A,2.19,6.15,2024_dezembro_sintese-semana-22-a-28-12-24.pdf
Gasolina C,2024-12-28,Margem de distribuição e revenda,1.08,6.15,2024_dezembro_sintese-semana-22-a-28-12-24.pdf
Gasolina C,2024-12-28,Tributos estaduais,1.37,6.15,2024_dezembro_sintese-semana-22-a-28-12-24.pdf
Gasolina C,2024-12-28,Tributos federais,0.69,6.15,2024_dezembro_sintese-semana-22-a-28-12-24.pdf
Gasolina C,2025-01-25,Etanol anidro,0.85,6.19,2025_janeiro_sintese-precos-04.pdf
Gasolina C,2025-01-25,Gasolina A,2.2,6.19,2025_janeiro_sintese-precos-04.pdf
Gasolina C,2025-01-25,Margem de distribuição e revenda,1.08,6.19,2025_janeiro_sintese-precos-04.pdf
Gasolina C,2025-01-25,Tributos estaduais,1.37,6.19,2025_janeiro_sintese-precos-04.pdf
Gasolina C,2025-01-25,Tributos federais,0.69,6.19,2025_janeiro_sintese-precos-04.pdf
Gasolina C,2025-02-01,Etanol anidro,0.87,6.2,2025_janeiro_sintese-precos-n05.pdf
Gasolina C,2025-02-01,Gasolina A,2.3,6.2,2025_janeiro_sintese-precos-n05.pdf
Gasolina C,2025-02-01,Margem de distribuição e revenda,0.97,6.2,2025_janeiro_sintese-precos-n05.pdf
Gasolina C,2025-02-01,Tributos estaduais,1.37,6.2,2025_janeiro_sintese-precos-n05.pdf
Gasolina C,2025-02-01,Tributos federais,0.69,6.2,2025_janeiro_sintese-precos-n05.pdf
Gasolina C,2025-02-08,Etanol anidro,0.87,6.35,2025_fevereiro_sintese-precos-n06.pdf
Gasolina C,2025-02-08,Gasolina A,2.21,6.35,2025_fevereiro_sintese-precos-n06.pdf
Gasolina C,2025-02-08,Margem de distribuição e revenda,1.11,6.35,2025_fevereiro_sintese-precos-n06.pdf
Gasolina C,2025-02-08,Tributos estaduais,1.47,6.35,2025_fevereiro_sintese-precos-n06.pdf
Gasolina C,2025-02-08,Tributos federais,0.69,6.35,2025_fevereiro_sintese-precos-n06.pdf
Gasolina C,2025-02-15,Etanol anidro,0.89,6.37,2025_fevereiro_sintese-precos-n07.pdf
Gasolina C,2025-02-15,Gasolina A,2.19,6.37,2025_fevereiro_sintese-precos-n07.pdf
Gasolina C,2025-02-15,Margem de distribuição e revenda,1.14,6.37,2025_fevereiro_sintese-precos-n07.pdf
Gasolina C,2025-02-15,Tributos estaduais,1.47,6.37,2025_fevereiro_sintese-precos-n07.pdf
Gasolina C,2025-02-15,Tributos federais,0.69,6.37,2025_fevereiro_sintese-precos-n07.pdf
Gasolina C,2025-02-22,Etanol anidro,0.88,6.36,2025_fevereiro_sintese-precos-n08.pdf
Gasolina C,2025-02-22,Gasolina A,2.31,6.36,2025_fevereiro_sintese-precos-n08.pdf
Gasolina C,2025-02-22,Margem de distribuição e revenda,1.02,6.36,2025_fevereiro_sintese-precos-n08.pdf
Gasolina C,2025-02-22,Tributos estaduais,1.47,6.36,2025_fevereiro_sintese-precos-n08.pdf
Gasolina C,2025-02-22,Tributos federais,0.69,6.36,2025_fevereiro_sintese-precos-n08.pdf
Gasolina C,2025-03-01,Etanol anidro,0.86,6.36,2025_fevereiro_sintese-precos-n09.pdf
Gasolina C,2025-03-01,Gasolina A,2.18,6.36,2025_fevereiro_sintese-precos-n09.pdf
Gasolina C,2025-03-01,Margem de distribuição e revenda,1.16,6.36,2025_fevereiro_sintese-precos-n09.pdf
Gasolina C,2025-03-01,Tributos estaduais,1.47,6.36,2025_fevereiro_sintese-precos-n09.pdf
Gasolina C,2025-03-01,Tributos federais,0.69,6.36,2025_fevereiro_sintese-precos-n09.pdf
Gasolina C,2025-03-08,Etanol anidro,0.88,6.35,2025_fevereiro_sintese-precos-n10.pdf
Gasolina C,2025-03-08,Gasolina A,2.2,6.35,2025_fevereiro_sintese-precos-n10.pdf
Gasolina C,2025-03-08,Margem de distribuição e revenda,1.12,6.35,2025_fevereiro_sintese-precos-n10.pdf
Gasolina C,2025-03-08,Tributos estaduais,1.47,6.35,2025_fevereiro_sintese-precos-n10.pdf
Gasolina C,2025-03-08,Tributos federais,0.69,6.35,2025_fevereiro_sintese-precos-n10.pdf
Gasolina C,2025-03-15,Etanol anidro,0.88,6.34,2025_marco_sintese-precos-n11.pdf
Gasolina C,2025-03-15,Gasolina A,2.18,6.34,2025_marco_sintese-precos-n11.pdf
Gasolina C,2025-03-15,Margem de distribuição e revenda,1.13,6.34,2025_marco_sintese-precos-n11.pdf
Gasolina C,2025-03-15,Tributos estaduais,1.47,6.34,2025_marco_sintese-precos-n11.pdf
Gasolina C,2025-03-15,Tributos federais,0.69,6.34,2025_marco_sintese-precos-n11.pdf
Gasolina C,2025-03-22,Etanol anidro,0.88,6.35,2025_marco_sintese-precos-n12.pdf
Gasolina C,2025-03-22,Gasolina A,2.2,6.35,2025_marco_sintese-precos-n12.pdf
Gasolina C,2025-03-22,Margem de distribuição e revenda,1.12,6.35,2025_marco_sintese-precos-n12.pdf
Gasolina C,2025-03-22,Tributos estaduais,1.47,6.35,2025_marco_sintese-precos-n12.pdf
Gasolina C,2025-03-22,Tributos federais,0.69,6.35,2025_marco_sintese-precos-n12.pdf
Gasolina C,2025-03-29,Etanol anidro,0.86,6.32,2025_marco_sintese-precos-n13.pdf
Gasolina C,2025-03-29,Gasolina A,2.2,6.32,2025_marco_sintese-precos-n13.pdf
Gasolina C,2025-03-29,Margem de distribuição e revenda,1.1,6.32,2025_marco_sintese-precos-n13.pdf
Gasolina C,2025-03-29,Tributos estaduais,1.47,6.32,2025_marco_sintese-precos-n13.pdf
Gasolina C,2025-03-29,Tributos federais,0.69,6.32,2025_marco_sintese-precos-n13.pdf
Gasolina C,2025-04-05,Etanol anidro,0.83,6.31,2025_marco_sintese-precos-n14.pdf
Gasolina C,2025-04-05,Gasolina A,2.21,6.31,2025_marco_sintese-precos-n14.pdf
Gasolina C,2025-04-05,Margem de distribuição e revenda,1.12,6.31,2025_marco_sintese-precos-n14.pdf
Gasolina C,2025-04-05,Tributos estaduais,1.47,6.31,2025_marco_sintese-precos-n14.pdf
Gasolina C,2025-04-05,Tributos federais,0.69,6.31,2025_marco_sintese-precos-n14.pdf
Gasolina C,2025-04-12,Etanol anidro,0.85,6.32,2025_marco_sintese-precos-n15.pdf
Gasolina C,2025-04-12,Gasolina A,2.18,6.32,2025_marco_sintese-precos-n15.pdf
Gasolina C,2025-04-12,Margem de distribuição e revenda,1.13,6.32,2025_marco_sintese-precos-n15.pdf
Gasolina C,2025-04-12,Tributos estaduais,1.47,6.32,2025_marco_sintese-precos-n15.pdf
Gasolina C,2025-04-12,Tributos federais,0.69,6.32,2025_marco_sintese-precos-n15.pdf
Gasolina C,2025-04-19,Etanol anidro,0.83,6.33,2025_marco_sintese-precos-n16.pdf
Gasolina C,2025-04-19,Gasolina A,2.17,6.33,2025_marco_sintese-precos-n16.pdf
Gasolina C,2025-04-19,Margem de distribuição e revenda,1.17,6.33,2025_marco_sintese-precos-n16.pdf
Gasolina C,2025-04-19,Tributos estaduais,1.47,6.33,2025_marco_sintese-precos-n16.pdf
Gasolina C,2025-04-19,Tributos federais,0.69,6.33,2025_marco_sintese-precos-n16.pdf
Gasolina C,2025-04-26,Etanol anidro,0.85,6.31,2025_marco_sintese-precos-n17.pdf
Gasolina C,2025-04-26,Gasolina A,2.17,6.31,2025_marco_sintese-precos-n17.pdf
Gasolina C,2025-04-26,Margem de distribuição e revenda,1.13,6.31,2025_marco_sintese-precos-n17.pdf
Gasolina C,2025-04-26,Tributos estaduais,1.47,6.31,2025_marco_sintese-precos-n17.pdf
Gasolina C,2025-04-26,Tributos federais,0.69,6.31,2025_marco_sintese-precos-n17.pdf
Gasolina C,2025-05-03,Etanol anidro,0.83,6.3,2025_maio_sintese-precos-n18.pdf
Gasolina C,2025-05-03,Gasolina A,2.18,6.3,2025_maio_sintese-precos-n18.pdf
Gasolina C,2025-05-03,Margem de distribuição e revenda,1.12,6.3,2025_maio_sintese-precos-n18.pdf
Gasolina C,2025-05-03,Tributos estaduais,1.47,6.3,2025_maio_sintese-precos-n18.pdf
Gasolina C,2025-05-03,Tributos federais,0.7,6.3,2025_maio_sintese-precos-n18.pdf
Gasolina C,2025-05-10,Etanol anidro,0.84,6.28,2025_maio_sintese-precos-n19.pdf
Gasolina C,2025-05-10,Gasolina A,2.17,6.28,2025_maio_sintese-precos-n19.pdf
Gasolina C,2025-05-10,Margem de distribuição e revenda,1.1,6.28,2025_maio_sintese-precos-n19.pdf
Gasolina C,2025-05-10,Tributos estaduais,1.47,6.28,2025_maio_sintese-precos-n19.pdf
Gasolina C,2025-05-10,Tributos federais,0.7,6.28,2025_maio_sintese-precos-n19.pdf
Gasolina C,2025-05-17,Etanol anidro,0.84,6.29,2025_maio_sintese-precos-n20.pdf
Gasolina C,2025-05-17,Gasolina A,2.18,6.29,2025_maio_sintese-precos-n20.pdf
Gasolina C,2025-05-17,Margem de distribuição e revenda,1.1,6.29,2025_maio_sintese-precos-n20.pdf
Gasolina C,2025-05-17,Tributos estaduais,1.47,6.29,2025_maio_sintese-precos-n20.pdf
Gasolina C,2025-05-17,Tributos federais,0.7,6.29,2025_maio_sintese-precos-n20.pdf
Gasolina C,2025-05-24,Etanol anidro,0.85,6.28,2025_maio_sintese-precos-n21.pdf
Gasolina C,2025-05-24,Gasolina A,2.16,6.28,2025_maio_sintese-precos-n21.pdf
Gasolina C,2025-05-24,Margem de distribuição e revenda,1.1,6.28,2025_maio_sintese-precos-n21.pdf
Gasolina C,2025-05-24,Tributos estaduais,1.47,6.28,2025_maio_sintese-precos-n21.pdf
Gasolina C,2025-05-24,Tributos federais,0.7,6.28,2025_maio_sintese-precos-n21.pdf
Gasolina C,2025-05-31,Etanol anidro,0.84,6.27,2025_maio_sintese-precos-n22.pdf
Gasolina C,2025-05-31,Gasolina A,2.17,6.27,2025_maio_sintese-precos-n22.pdf
Gasolina C,2025-05-31,Margem de distribuição e revenda,1.09,6.27,2025_maio_sintese-precos-n22.pdf
Gasolina C,2025-05-31,Tributos estaduais,1.47,6.27,2025_maio_sintese-precos-n22.pdf
Gasolina C,2025-05-31,Tributos federais,0.7,6.27,2025_maio_sintese-precos-n22.pdf
Gasolina C,2025-06-07,Etanol anidro,0.83,6.25,2025_junho_sintese-precos-n23.pdf
Gasolina C,2025-06-07,Gasolina A,2.22,6.25,2025_junho_sintese-precos-n23.pdf
Gasolina C,2025-06-07,Margem de distribuição e revenda,1.04,6.25,2025_junho_sintese-precos-n23.pdf
Gasolina C,2025-06-07,Tributos estaduais,1.47,6.25,2025_junho_sintese-precos-n23.pdf
Gasolina C,2025-06-07,Tributos federais,0.7,6.25,2025_junho_sintese-precos-n23.pdf
Gasolina C,2025-06-14,Etanol anidro,0.8,6.22,2025_junho_sintese-precos-n24.pdf
Gasolina C,2025-06-14,Gasolina A,2.1,6.22,2025_junho_sintese-precos-n24.pdf
Gasolina C,2025-06-14,Margem de distribuição e revenda,1.15,6.22,2025_junho_sintese-precos-n24.pdf
Gasolina C,2025-06-14,Tributos estaduais,1.47,6.22,2025_junho_sintese-precos-n24.pdf
Gasolina C,2025-06-14,Tributos federais,0.7,6.22,2025_junho_sintese-precos-n24.pdf
Gasolina C,2025-06-21,Etanol anidro,0.78,6.23,2025_junho_sintese-precos-n25.pdf
Gasolina C,2025-06-21,Gasolina A,2.05,6.23,2025_junho_sintese-precos-n25.pdf
Gasolina C,2025-06-21,Margem de distribuição e revenda,1.23,6.23,2025_junho_sintese-precos-n25.pdf
Gasolina C,2025-06-21,Tributos estaduais,1.47,6.23,2025_junho_sintese-precos-n25.pdf
Gasolina C,2025-06-21,Tributos federais,0.7,6.23,2025_junho_sintese-precos-n25.pdf
Gasolina C,2025-06-28,Etanol anidro,0.79,6.23,2025_junho_sintese-precos-n26.pdf
Gasolina C,2025-06-28,Gasolina A,2.05,6.23,2025_junho_sintese-precos-n26.pdf
Gasolina C,2025-06-28,Margem de distribuição e revenda,1.22,6.23,2025_junho_sintese-precos-n26.pdf
Gasolina C,2025-06-28,Tributos estaduais,1.47,6.23,2025_junho_sintese-precos-n26.pdf
Gasolina C,2025-06-28,Tributos federais,0.7,6.23,2025_junho_sintese-precos-n26.pdf
Gasolina C,2025-07-05,Etanol anidro,0.81,6.23,2025_junho_sintese-precos-n27.pdf
Gasolina C,2025-07-05,Gasolina A,2.08,6.23,2025_junho_sintese-precos-n27.pdf
Gasolina C,2025-07-05,Margem de distribuição e revenda,1.17,6.23,2025_junho_sintese-precos-n27.pdf
Gasolina C,2025-07-05,Tributos estaduais,1.47,6.23,2025_junho_sintese-precos-n27.pdf
Gasolina C,2025-07-05,Tributos federais,0.7,6.23,2025_junho_sintese-precos-n27.pdf
Gasolina C,2025-07-12,Etanol anidro,0.81,6.22,2025_julho_sintese-precos-n28.pdf
Gasolina C,2025-07-12,Gasolina A,2.05,6.22,2025_julho_sintese-precos-n28.pdf
Gasolina C,2025-07-12,Margem de distribuição e revenda,1.19,6.22,2025_julho_sintese-precos-n28.pdf
Gasolina C,2025-07-12,Tributos estaduais,1.47,6.22,2025_julho_sintese-precos-n28.pdf
Gasolina C,2025-07-12,Tributos federais,0.7,6.22,2025_julho_sintese-precos-n28.pdf
Gasolina C,2025-07-19,Etanol anidro,0.8,6.22,2025_julho_sintese-precos-n29.pdf
Gasolina C,2025-07-19,Gasolina A,2.03,6.22,2025_julho_sintese-precos-n29.pdf
Gasolina C,2025-07-19,Margem de distribuição e revenda,1.22,6.22,2025_julho_sintese-precos-n29.pdf
Gasolina C,2025-07-19,Tributos estaduais,1.47,6.22,2025_julho_sintese-precos-n29.pdf
Gasolina C,2025-07-19,Tributos federais,0.7,6.22,2025_julho_sintese-precos-n29.pdf
Gasolina C,2025-07-26,Etanol anidro,0.79,6.2,2025_julho_sintese-precos-n30.pdf
Gasolina C,2025-07-26,Gasolina A,2.04,6.2,2025_julho_sintese-precos-n30.pdf
Gasolina C,2025-07-26,Margem de distribuição e revenda,1.2,6.2,2025_julho_sintese-precos-n30.pdf
Gasolina C,2025-07-26,Tributos estaduais,1.47,6.2,2025_julho_sintese-precos-n30.pdf
Gasolina C,2025-07-26,Tributos federais,0.7,6.2,2025_julho_sintese-precos-n30.pdf
Gasolina C,2025-08-02,Etanol anidro,0.88,6.19,2025_julho_sintese-precos-n31.pdf
Gasolina C,2025-08-02,Gasolina A,1.94,6.19,2025_julho_sintese-precos-n31.pdf
Gasolina C,2025-08-02,Margem de distribuição e revenda,1.22,6.19,2025_julho_sintese-precos-n31.pdf
Gasolina C,2025-08-02,Tributos estaduais,1.47,6.19,2025_julho_sintese-precos-n31.pdf
Gasolina C,2025-08-02,Tributos federais,0.68,6.19,2025_julho_sintese-precos-n31.pdf
Gasolina C,2025-08-09,Etanol anidro,0.9,6.19,2025_agosto_sintese-precos-n32.pdf
Gasolina C,2025-08-09,Gasolina A,1.96,6.19,2025_agosto_sintese-precos-n32.pdf
Gasolina C,2025-08-09,Margem de distribuição e revenda,1.18,6.19,2025_agosto_sintese-precos-n32.pdf
Gasolina C,2025-08-09,Tributos estaduais,1.47,6.19,2025_agosto_sintese-precos-n32.pdf
Gasolina C,2025-08-09,Tributos federais,0.68,6.19,2025_agosto_sintese-precos-n32.pdf
Gasolina C,2025-08-16,Etanol anidro,0.92,6.2,2025_agosto_sintese-precos-n33.pdf
Gasolina C,2025-08-16,Gasolina A,1.91,6.2,2025_agosto_sintese-precos-n33.pdf
Gasolina C,2025-08-16,Margem de distribuição e revenda,1.22,6.2,2025_agosto_sintese-precos-n33.pdf
Gasolina C,2025-08-16,Tributos estaduais,1.47,6.2,2025_agosto_sintese-precos-n33.pdf
Gasolina C,2025-08-16,Tributos federais,0.68,6.2,2025_agosto_sintese-precos-n33.pdf
Gasolina C,2025-08-23,Etanol anidro,0.93,6.19,2025_agosto_sintese-precos-n34.pdf
Gasolina C,2025-08-23,Gasolina A,1.88,6.19,2025_agosto_sintese-precos-n34.pdf
Gasolina C,2025-08-23,Margem de distribuição e revenda,1.23,6.19,2025_agosto_sintese-precos-n34.pdf
Gasolina C,2025-08-23,Tributos estaduais,1.47,6.19,2025_agosto_sintese-precos-n34.pdf
Gasolina C,2025-08-23,Tributos federais,0.68,6.19,2025_agosto_sintese-precos-n34.pdf
Gasolina C,2025-08-30,Etanol anidro,0.93,6.17,2025_agosto_sintese-precos-n35.pdf
Gasolina C,2025-08-30,Gasolina A,1.85,6.17,2025_agosto_sintese-precos-n35.pdf
Gasolina C,2025-08-30,Margem de distribuição e revenda,1.24,6.17,2025_agosto_sintese-precos-n35.pdf
Gasolina C,2025-08-30,Tributos estaduais,1.47,6.17,2025_agosto_sintese-precos-n35.pdf
Gasolina C,2025-08-30,Tributos federais,0.68,6.17,2025_agosto_sintese-precos-n35.pdf
Gasolina C,2025-09-06,Etanol anidro,0.94,6.17,2025_setembro_sintese-precos-36.pdf
Gasolina C,2025-09-06,Gasolina A,1.9,6.17,2025_setembro_sintese-precos-36.pdf
Gasolina C,2025-09-06,Margem de distribuição e revenda,1.18,6.17,2025_setembro_sintese-precos-36.pdf
Gasolina C,2025-09-06,Tributos estaduais,1.47,6.17,2025_setembro_sintese-precos-36.pdf
Gasolina C,2025-09-06,Tributos federais,0.68,6.17,2025_setembro_sintese-precos-36.pdf
Gasolina C,2025-09-13,Etanol anidro,0.96,6.17,2025_setembro_sintese-precos-37.pdf
Gasolina C,2025-09-13,Gasolina A,1.89,6.17,2025_setembro_sintese-precos-37.pdf
Gasolina C,2025-09-13,Margem de distribuição e revenda,1.17,6.17,2025_setembro_sintese-precos-37.pdf
Gasolina C,2025-09-13,Tributos estaduais,1.47,6.17,2025_setembro_sintese-precos-37.pdf
Gasolina C,2025-09-13,Tributos federais,0.68,6.17,2025_setembro_sintese-precos-37.pdf
Gasolina C,2025-09-20,Etanol anidro,0.98,6.2,2025_setembro_sintese-precos-38.pdf
Gasolina C,2025-09-20,Gasolina A,1.79,6.2,2025_setembro_sintese-precos-38.pdf
Gasolina C,2025-09-20,Margem de distribuição e revenda,1.27,6.2,2025_setembro_sintese-precos-38.pdf
Gasolina C,2025-09-20,Tributos estaduais,1.47,6.2,2025_setembro_sintese-precos-38.pdf
Gasolina C,2025-09-20,Tributos federais,0.68,6.2,2025_setembro_sintese-precos-38.pdf
Gasolina C,2025-09-27,Etanol anidro,0.96,6.19,2025_setembro_sintese-precos-39.pdf
Gasolina C,2025-09-27,Gasolina A,1.79,6.19,2025_setembro_sintese-precos-39.pdf
Gasolina C,2025-09-27,Margem de distribuição e revenda,1.29,6.19,2025_setembro_sintese-precos-39.pdf
Gasolina C,2025-09-27,Tributos estaduais,1.47,6.19,2025_setembro_sintese-precos-39.pdf
Gasolina C,2025-09-27,Tributos federais,0.68,6.19,2025_setembro_sintese-precos-39.pdf
Gasolina C,2025-10-04,Etanol anidro,0.94,6.2,2025_setembro_sintese-precos-40.pdf
Gasolina C,2025-10-04,Gasolina A,1.83,6.2,2025_setembro_sintese-precos-40.pdf
Gasolina C,2025-10-04,Margem de distribuição e revenda,1.28,6.2,2025_setembro_sintese-precos-40.pdf
Gasolina C,2025-10-04,Tributos estaduais,1.47,6.2,2025_setembro_sintese-precos-40.pdf
Gasolina C,2025-10-04,Tributos federais,0.68,6.2,2025_setembro_sintese-precos-40.pdf
Gasolina C,2025-10-11,Etanol anidro,0.94,6.21,2025_outubro_sintese-precos-41.pdf
Gasolina C,2025-10-11,Gasolina A,2,6.21,2025_outubro_sintese-precos-41.pdf
Gasolina C,2025-10-11,Margem de distribuição e revenda,1.12,6.21,2025_outubro_sintese-precos-41.pdf
Gasolina C,2025-10-11,Tributos estaduais,1.47,6.21,2025_outubro_sintese-precos-41.pdf
Gasolina C,2025-10-11,Tributos federais,0.68,6.21,2025_outubro_sintese-precos-41.pdf
Gasolina C,2025-10-18,Etanol anidro,0.93,6.22,2025_outubro_sintese-precos-42.pdf
Gasolina C,2025-10-18,Gasolina A,2.03,6.22,2025_outubro_sintese-precos-42.pdf
Gasolina C,2025-10-18,Margem de distribuição e revenda,1.1,6.22,2025_outubro_sintese-precos-42.pdf
Gasolina C,2025-10-18,Tributos estaduais,1.47,6.22,2025_outubro_sintese-precos-42.pdf
Gasolina C,2025-10-18,Tributos federais,0.68,6.22,2025_outubro_sintese-precos-42.pdf
Gasolina C,2025-10-25,Etanol anidro,0.93,6.2,2025_outubro_sintese-precos-43.pdf
Gasolina C,2025-10-25,Gasolina A,1.93,6.2,2025_outubro_sintese-precos-43.pdf
Gasolina C,2025-10-25,Margem de distribuição e revenda,1.19,6.2,2025_outubro_sintese-precos-43.pdf
Gasolina C,2025-10-25,Tributos estaduais,1.47,6.2,2025_outubro_sintese-precos-43.pdf
Gasolina C,2025-10-25,Tributos federais,0.68,6.2,2025_outubro_sintese-precos-43.pdf
Gasolina C,2025-11-08,Etanol anidro,0.95,6.17,2025_novembro_sinteseprecos45.pdf
Gasolina C,2025-11-08,Gasolina A,1.84,6.17,2025_novembro_sinteseprecos45.pdf
Gasolina C,2025-11-08,Margem de distribuição e revenda,1.22,6.17,2025_novembro_sinteseprecos45.pdf
Gasolina C,2025-11-08,Tributos estaduais,1.47,6.17,2025_novembro_sinteseprecos45.pdf
Gasolina C,2025-11-08,Tributos federais,0.68,6.17,2025_novembro_sinteseprecos45.pdf
Gasolina C,2025-11-15,Etanol anidro,0.96,6.16,2025_novembro_sinteseprecos46.pdf
Gasolina C,2025-11-15,Gasolina A,1.87,6.16,2025_novembro_sinteseprecos46.pdf
Gasolina C,2025-11-15,Margem de distribuição e revenda,1.17,6.16,2025_novembro_sinteseprecos46.pdf
Gasolina C,2025-11-15,Tributos estaduais,1.47,6.16,2025_novembro_sinteseprecos46.pdf
Gasolina C,2025-11-15,Tributos federais,0.68,6.16,2025_novembro_sinteseprecos46.pdf
Gasolina C,2025-11-22,Etanol anidro,0.96,6.18,2025_novembro_sintese-precos-47.pdf
Gasolina C,2025-11-22,Gasolina A,1.85,6.18,2025_novembro_sintese-precos-47.pdf
Gasolina C,2025-11-22,Margem de distribuição e revenda,1.21,6.18,2025_novembro_sintese-precos-47.pdf
Gasolina C,2025-11-22,Tributos estaduais,1.47,6.18,2025_novembro_sintese-precos-47.pdf
Gasolina C,2025-11-22,Tributos federais,0.68,6.18,2025_novembro_sintese-precos-47.pdf
Gasolina C,2025-11-29,Etanol anidro,0.97,6.17,2025_novembro_sintese-precos-48.pdf
Gasolina C,2025-11-29,Gasolina A,1.88,6.17,2025_novembro_sintese-precos-48.pdf
Gasolina C,2025-11-29,Margem de distribuição e revenda,1.16,6.17,2025_novembro_sintese-precos-48.pdf
Gasolina C,2025-11-29,Tributos estaduais,1.47,6.17,2025_novembro_sintese-precos-48.pdf
Gasolina C,2025-11-29,Tributos federais,0.68,6.17,2025_novembro_sintese-precos-48.pdf
Gasolina C,2025-12-06,Etanol anidro,0.99,6.17,2025_novembro_sintese-precos-49.pdf
Gasolina C,2025-12-06,Gasolina A,1.87,6.17,2025_novembro_sintese-precos-49.pdf
Gasolina C,2025-12-06,Margem de distribuição e revenda,1.15,6.17,2025_novembro_sintese-precos-49.pdf
Gasolina C,2025-12-06,Tributos estaduais,1.47,6.17,2025_novembro_sintese-precos-49.pdf
Gasolina C,2025-12-06,Tributos federais,0.68,6.17,2025_novembro_sintese-precos-49.pdf
Gasolina C,2025-12-13,Etanol anidro,0.99,6.18,2025_novembro_sintese-precos-50.pdf
Gasolina C,2025-12-13,Gasolina A,1.88,6.18,2025_novembro_sintese-precos-50.pdf
Gasolina C,2025-12-13,Margem de distribuição e revenda,1.15,6.18,2025_novembro_sintese-precos-50.pdf
Gasolina C,2025-12-13,Tributos estaduais,1.47,6.18,2025_novembro_sintese-precos-50.pdf
Gasolina C,2025-12-13,Tributos federais,0.68,6.18,2025_novembro_sintese-precos-50.pdf
Gasolina C,2025-12-20,Etanol anidro,0.99,6.19,2025_novembro_sintese-precos-51.pdf
Gasolina C,2025-12-20,Gasolina A,1.88,6.19,2025_novembro_sintese-precos-51.pdf
Gasolina C,2025-12-20,Margem de distribuição e revenda,1.16,6.19,2025_novembro_sintese-precos-51.pdf
Gasolina C,2025-12-20,Tributos estaduais,1.47,6.19,2025_novembro_sintese-precos-51.pdf
Gasolina C,2025-12-20,Tributos federais,0.68,6.19,2025_novembro_sintese-precos-51.pdf
Gasolina C,2025-12-27,Etanol anidro,0.99,6.22,2025_novembro_sintese-precos-52.pdf
Gasolina C,2025-12-27,Gasolina A,1.87,6.22,2025_novembro_sintese-precos-52.pdf
Gasolina C,2025-12-27,Margem de distribuição e revenda,1.21,6.22,2025_novembro_sintese-precos-52.pdf
Gasolina C,2025-12-27,Tributos estaduais,1.47,6.22,2025_novembro_sintese-precos-52.pdf
Gasolina C,2025-12-27,Tributos federais,0.68,6.22,2025_novembro_sintese-precos-52.pdf
Gasolina C,2026-01-03,Etanol anidro,1,6.22,2025_janeiro_sintese-precos-n01.pdf
Gasolina C,2026-01-03,Gasolina A,1.86,6.22,2025_janeiro_sintese-precos-n01.pdf
Gasolina C,2026-01-03,Margem de distribuição e revenda,1.1,6.22,2025_janeiro_sintese-precos-n01.pdf
Gasolina C,2026-01-03,Tributos estaduais,1.57,6.22,2025_janeiro_sintese-precos-n01.pdf
Gasolina C,2026-01-03,Tributos federais,0.68,6.22,2025_janeiro_sintese-precos-n01.pdf
Gasolina C,2026-01-10,Etanol anidro,0.99,6.29,2026_sintese-precos-02.pdf
Gasolina C,2026-01-10,Etanol anidro,1.01,6.29,2025_janeiro_sintese-precos-n02.pdf
Gasolina C,2026-01-10,Gasolina A,1.87,6.29,2025_janeiro_sintese-precos-n02.pdf
Gasolina C,2026-01-10,Gasolina A,1.87,6.29,2026_sintese-precos-02.pdf
Gasolina C,2026-01-10,Margem de distribuição e revenda,1.16,6.29,2025_janeiro_sintese-precos-n02.pdf
Gasolina C,2026-01-10,Margem de distribuição e revenda,1.18,6.29,2026_sintese-precos-02.pdf
Gasolina C,2026-01-10,Tributos estaduais,1.57,6.29,2025_janeiro_sintese-precos-n02.pdf
Gasolina C,2026-01-10,Tributos estaduais,1.57,6.29,2026_sintese-precos-02.pdf
Gasolina C,2026-01-10,Tributos federais,0.68,6.29,2025_janeiro_sintese-precos-n02.pdf
Gasolina C,2026-01-10,Tributos federais,0.68,6.29,2026_sintese-precos-02.pdf
Gasolina C,2026-01-17,Etanol anidro,1.03,6.32,2025_janeiro_sintese-precos-n03.pdf
Gasolina C,2026-01-17,Gasolina A,1.88,6.32,2025_janeiro_sintese-precos-n03.pdf
Gasolina C,2026-01-17,Margem de distribuição e revenda,1.17,6.32,2025_janeiro_sintese-precos-n03.pdf
Gasolina C,2026-01-17,Tributos estaduais,1.57,6.32,2025_janeiro_sintese-precos-n03.pdf
Gasolina C,2026-01-17,Tributos federais,0.68,6.32,2025_janeiro_sintese-precos-n03.pdf
Gasolina C,2026-01-24,Etanol anidro,1.05,6.33,2026_sintese-precos-04.pdf
Gasolina C,2026-01-24,Gasolina A,1.87,6.33,2026_sintese-precos-04.pdf
Gasolina C,2026-01-24,Margem de distribuição e revenda,1.16,6.33,2026_sintese-precos-04.pdf
Gasolina C,2026-01-24,Tributos estaduais,1.57,6.33,2026_sintese-precos-04.pdf
Gasolina C,2026-01-24,Tributos federais,0.68,6.33,2026_sintese-precos-04.pdf
Gasolina C,2026-01-31,Etanol anidro,1.06,6.33,2026_sintese-precos-05.pdf
Gasolina C,2026-01-31,Gasolina A,1.86,6.33,2026_sintese-precos-05.pdf
Gasolina C,2026-01-31,Margem de distribuição e revenda,1.16,6.33,2026_sintese-precos-05.pdf
Gasolina C,2026-01-31,Tributos estaduais,1.57,6.33,2026_sintese-precos-05.pdf
Gasolina C,2026-01-31,Tributos federais,0.68,6.33,2026_sintese-precos-05.pdf
Gasolina C,2026-02-07,Etanol anidro,1.04,6.31,2026_sintese-precos-06.pdf
Gasolina C,2026-02-07,Gasolina A,1.84,6.31,2026_sintese-precos-06.pdf
Gasolina C,2026-02-07,Margem de distribuição e revenda,1.18,6.31,2026_sintese-precos-06.pdf
Gasolina C,2026-02-07,Tributos estaduais,1.57,6.31,2026_sintese-precos-06.pdf
Gasolina C,2026-02-07,Tributos federais,0.68,6.31,2026_sintese-precos-06.pdf
Gasolina C,2026-02-14,Etanol anidro,1.05,6.3,2026_sintese-precos-07.pdf
Gasolina C,2026-02-14,Gasolina A,1.84,6.3,2026_sintese-precos-07.pdf
Gasolina C,2026-02-14,Margem de distribuição e revenda,1.16,6.3,2026_sintese-precos-07.pdf
Gasolina C,2026-02-14,Tributos estaduais,1.57,6.3,2026_sintese-precos-07.pdf
Gasolina C,2026-02-14,Tributos federais,0.68,6.3,2026_sintese-precos-07.pdf
Gasolina C,2026-02-21,Etanol anidro,1.02,6.3,2026_sintese-precos-08.pdf
Gasolina C,2026-02-21,Gasolina A,1.86,6.3,2026_sintese-precos-08.pdf
Gasolina C,2026-02-21,Margem de distribuição e revenda,1.16,6.3,2026_sintese-precos-08.pdf
Gasolina C,2026-02-21,Tributos estaduais,1.57,6.3,2026_sintese-precos-08.pdf
Gasolina C,2026-02-21,Tributos federais,0.68,6.3,2026_sintese-precos-08.pdf
Gasolina C,2026-02-28,Etanol anidro,0.97,6.28,2026_sintese-precos-09.pdf
Gasolina C,2026-02-28,Gasolina A,1.84,6.28,2026_sintese-precos-09.pdf
Gasolina C,2026-02-28,Margem de distribuição e revenda,1.22,6.28,2026_sintese-precos-09.pdf
Gasolina C,2026-02-28,Tributos estaduais,1.57,6.28,2026_sintese-precos-09.pdf
Gasolina C,2026-02-28,Tributos federais,0.68,6.28,2026_sintese-precos-09.pdf
Gasolina C,2026-03-07,Etanol anidro,0.97,6.3,2026_sintese-precos-10.pdf
Gasolina C,2026-03-07,Gasolina A,1.89,6.3,2026_sintese-precos-10.pdf
Gasolina C,2026-03-07,Margem de distribuição e revenda,1.19,6.3,2026_sintese-precos-10.pdf
Gasolina C,2026-03-07,Tributos estaduais,1.57,6.3,2026_sintese-precos-10.pdf
Gasolina C,2026-03-07,Tributos federais,0.68,6.3,2026_sintese-precos-10.pdf
Gasolina C,2026-03-14,Etanol anidro,0.98,6.46,2026_sintese-precos-11.pdf
Gasolina C,2026-03-14,Gasolina A,2,6.46,2026_sintese-precos-11.pdf
Gasolina C,2026-03-14,Margem de distribuição e revenda,1.23,6.46,2026_sintese-precos-11.pdf
Gasolina C,2026-03-14,Tributos estaduais,1.57,6.46,2026_sintese-precos-11.pdf
Gasolina C,2026-03-14,Tributos federais,0.68,6.46,2026_sintese-precos-11.pdf
Gasolina C,2026-03-21,Etanol anidro,0.98,6.65,2026_sintese-precos-12.pdf
Gasolina C,2026-03-21,Gasolina A,1.87,6.65,2026_sintese-precos-12.pdf
Gasolina C,2026-03-21,Margem de distribuição e revenda,1.54,6.65,2026_sintese-precos-12.pdf
Gasolina C,2026-03-21,Tributos estaduais,1.57,6.65,2026_sintese-precos-12.pdf
Gasolina C,2026-03-21,Tributos federais,0.68,6.65,2026_sintese-precos-12.pdf
Gasolina C,2026-03-28,Etanol anidro,0.99,6.78,2026_sintese-precos-13.pdf
Gasolina C,2026-03-28,Gasolina A,2.51,6.78,2026_sintese-precos-13.pdf
Gasolina C,2026-03-28,Margem de distribuição e revenda,1.03,6.78,2026_sintese-precos-13.pdf
Gasolina C,2026-03-28,Tributos estaduais,1.57,6.78,2026_sintese-precos-13.pdf
Gasolina C,2026-03-28,Tributos federais,0.68,6.78,2026_sintese-precos-13.pdf
Gasolina C,2026-04-04,Etanol anidro,0.99,6.78,2026_sintese-precos-14.pdf
Gasolina C,2026-04-04,Gasolina A,2.34,6.78,2026_sintese-precos-14.pdf
Gasolina C,2026-04-04,Margem de distribuição e revenda,1.2,6.78,2026_sintese-precos-14.pdf
Gasolina C,2026-04-04,Tributos estaduais,1.57,6.78,2026_sintese-precos-14.pdf
Gasolina C,2026-04-04,Tributos federais,0.68,6.78,2026_sintese-precos-14.pdf
Gasolina C,2026-04-11,Etanol anidro,0.99,6.77,2026_sintese-precos-21.pdf
Gasolina C,2026-04-11,Etanol anidro,0.99,6.77,2026_sinteseprecos15.pdf
Gasolina C,2026-04-11,Gasolina A,2.27,6.77,2026_sintese-precos-21.pdf
Gasolina C,2026-04-11,Gasolina A,2.27,6.77,2026_sinteseprecos15.pdf
Gasolina C,2026-04-11,Margem de distribuição e revenda,1.26,6.77,2026_sintese-precos-21.pdf
Gasolina C,2026-04-11,Margem de distribuição e revenda,1.26,6.77,2026_sinteseprecos15.pdf
Gasolina C,2026-04-11,Tributos estaduais,1.57,6.77,2026_sintese-precos-21.pdf
Gasolina C,2026-04-11,Tributos estaduais,1.57,6.77,2026_sinteseprecos15.pdf
Gasolina C,2026-04-11,Tributos federais,0.68,6.77,2026_sintese-precos-21.pdf
Gasolina C,2026-04-11,Tributos federais,0.68,6.77,2026_sinteseprecos15.pdf
Gasolina C,2026-04-18,Etanol anidro,0.96,6.75,2026_sinteseprecos16.pdf
Gasolina C,2026-04-18,Gasolina A,2.17,6.75,2026_sinteseprecos16.pdf
Gasolina C,2026-04-18,Margem de distribuição e revenda,1.37,6.75,2026_sinteseprecos16.pdf
Gasolina C,2026-04-18,Tributos estaduais,1.57,6.75,2026_sinteseprecos16.pdf
Gasolina C,2026-04-18,Tributos federais,0.68,6.75,2026_sinteseprecos16.pdf
Gasolina C,2026-04-25,Etanol anidro,0.89,6.72,2026_sintese-precos-17.pdf
Gasolina C,2026-04-25,Gasolina A,2.28,6.72,2026_sintese-precos-17.pdf
Gasolina C,2026-04-25,Margem de distribuição e revenda,1.3,6.72,2026_sintese-precos-17.pdf
Gasolina C,2026-04-25,Tributos estaduais,1.57,6.72,2026_sintese-precos-17.pdf
Gasolina C,2026-04-25,Tributos federais,0.68,6.72,2026_sintese-precos-17.pdf
Gasolina C,2026-05-02,Etanol anidro,0.86,6.67,2026_sintese-precos-18.pdf
Gasolina C,2026-05-02,Gasolina A,2.41,6.67,2026_sintese-precos-18.pdf
Gasolina C,2026-05-02,Margem de distribuição e revenda,1.16,6.67,2026_sintese-precos-18.pdf
Gasolina C,2026-05-02,Tributos estaduais,1.57,6.67,2026_sintese-precos-18.pdf
Gasolina C,2026-05-02,Tributos federais,0.68,6.67,2026_sintese-precos-18.pdf
Gasolina C,2026-05-09,Etanol anidro,0.81,6.65,2026_sintese-precos-19.pdf
Gasolina C,2026-05-09,Gasolina A,2.07,6.65,2026_sintese-precos-19.pdf
Gasolina C,2026-05-09,Margem de distribuição e revenda,1.52,6.65,2026_sintese-precos-19.pdf
Gasolina C,2026-05-09,Tributos estaduais,1.57,6.65,2026_sintese-precos-19.pdf
Gasolina C,2026-05-09,Tributos federais,0.68,6.65,2026_sintese-precos-19.pdf
Gasolina C,2026-05-16,Etanol anidro,0.78,6.66,2026_sinteseprecos20.pdf
Gasolina C,2026-05-16,Gasolina A,3.06,6.66,2026_sinteseprecos20.pdf
Gasolina C,2026-05-16,Margem de distribuição e revenda,0.57,6.66,2026_sinteseprecos20.pdf
Gasolina C,2026-05-16,Tributos estaduais,1.57,6.66,2026_sinteseprecos20.pdf
Gasolina C,2026-05-16,Tributos federais,0.68,6.66,2026_sinteseprecos20.pdf
Gasolina C,2026-05-30,Etanol anidro,0.76,6.62,2026_sintese-precos-22.pdf
Gasolina C,2026-05-30,Gasolina A,2.71,6.62,2026_sintese-precos-22.pdf
Gasolina C,2026-05-30,Margem de distribuição e revenda,0.89,6.62,2026_sintese-precos-22.pdf
Gasolina C,2026-05-30,Tributos estaduais,1.57,6.62,2026_sintese-precos-22.pdf
Gasolina C,2026-05-30,Tributos federais,0.68,6.62,2026_sintese-precos-22.pdf
Gasolina C,2026-06-06,Etanol anidro,0.75,6.61,2026_sintese-precos-23.pdf
Gasolina C,2026-06-06,Gasolina A,2.68,6.61,2026_sintese-precos-23.pdf
Gasolina C,2026-06-06,Margem de distribuição e revenda,0.93,6.61,2026_sintese-precos-23.pdf
Gasolina C,2026-06-06,Tributos estaduais,1.57,6.61,2026_sintese-precos-23.pdf
Gasolina C,2026-06-06,Tributos federais,0.68,6.61,2026_sintese-precos-23.pdf
Gasolina C,2026-06-13,Etanol anidro,0.75,6.61,2026_sintese-precos-24.pdf
Gasolina C,2026-06-13,Gasolina A,2.41,6.61,2026_sintese-precos-24.pdf
Gasolina C,2026-06-13,Margem de distribuição e revenda,1.2,6.61,2026_sintese-precos-24.pdf
Gasolina C,2026-06-13,Tributos estaduais,1.57,6.61,2026_sintese-precos-24.pdf
Gasolina C,2026-06-13,Tributos federais,0.68,6.61,2026_sintese-precos-24.pdf
Gasolina C,2026-06-20,Etanol anidro,0.76,6.62,2026_sintese-precos-25.pdf
Gasolina C,2026-06-20,Gasolina A,2.31,6.62,2026_sintese-precos-25.pdf
Gasolina C,2026-06-20,Margem de distribuição e revenda,1.3,6.62,2026_sintese-precos-25.pdf
Gasolina C,2026-06-20,Tributos estaduais,1.57,6.62,2026_sintese-precos-25.pdf
Gasolina C,2026-06-20,Tributos federais,0.68,6.62,2026_sintese-precos-25.pdf
Gasolina C,2026-06-27,Etanol anidro,0.76,6.62,2026_sintese-precos-26.pdf
Gasolina C,2026-06-27,Gasolina A,2.87,6.62,2026_sintese-precos-26.pdf
Gasolina C,2026-06-27,Margem de distribuição e revenda,0.74,6.62,2026_sintese-precos-26.pdf
Gasolina C,2026-06-27,Tributos estaduais,1.57,6.62,2026_sintese-precos-26.pdf
Gasolina C,2026-06-27,Tributos federais,0.68,6.62,2026_sintese-precos-26.pdf
Gasolina C,2026-07-04,Etanol anidro,0.77,6.61,2026_sintese-precos-27.pdf
Gasolina C,2026-07-04,Gasolina A,1.99,6.61,2026_sintese-precos-27.pdf
Gasolina C,2026-07-04,Margem de distribuição e revenda,1.6,6.61,2026_sintese-precos-27.pdf
Gasolina C,2026-07-04,Tributos estaduais,1.57,6.61,2026_sintese-precos-27.pdf
Gasolina C,2026-07-04,Tributos federais,0.68,6.61,2026_sintese-precos-27.pdf
Gasolina C,2026-07-11,Etanol anidro,0.77,6.58,2026_sintese-precos-28.pdf
Gasolina C,2026-07-11,Gasolina A,2,6.58,2026_sintese-precos-28.pdf
Gasolina C,2026-07-11,Margem de distribuição e revenda,1.55,6.58,2026_sintese-precos-28.pdf
Gasolina C,2026-07-11,Tributos estaduais,1.57,6.58,2026_sintese-precos-28.pdf
Gasolina C,2026-07-11,Tributos federais,0.68,6.58,2026_sintese-precos-28.pdf
Gasolina C,2026-07-18,Etanol anidro,0.74,6.58,2026_sintese-precos-29.pdf
Gasolina C,2026-07-18,Gasolina A,1.94,6.58,2026_sintese-precos-29.pdf
Gasolina C,2026-07-18,Margem de distribuição e revenda,1.64,6.58,2026_sintese-precos-29.pdf
Gasolina C,2026-07-18,Tributos estaduais,1.57,6.58,2026_sintese-precos-29.pdf
Gasolina C,2026-07-18,Tributos federais,0.68,6.58,2026_sintese-precos-29.pdf
Gasolina C,2026-07-25,Etanol anidro,0.73,6.55,2026_sintese-precos-30.pdf
Gasolina C,2026-07-25,Gasolina A,2.04,6.55,2026_sintese-precos-30.pdf
Gasolina C,2026-07-25,Margem de distribuição e revenda,1.53,6.55,2026_sintese-precos-30.pdf
Gasolina C,2026-07-25,Tributos estaduais,1.57,6.55,2026_sintese-precos-30.pdf
Gasolina C,2026-07-25,Tributos federais,0.68,6.55,2026_sintese-precos-30.pdf
Gasolina C,2026-08-01,Etanol anidro,0.71,6.56,2026_sintese-precos-31.pdf
Gasolina C,2026-08-01,Gasolina A,1.98,6.56,2026_sintese-precos-31.pdf
Gasolina C,2026-08-01,Margem de distribuição e revenda,1.61,6.56,2026_sintese-precos-31.pdf
Gasolina C,2026-08-01,Tributos estaduais,1.57,6.56,2026_sintese-precos-31.pdf
Gasolina C,2026-08-01,Tributos federais,0.68,6.56,2026_sintese-precos-31.pdf
Gasolina C,2026-08-08,Etanol anidro,0.74,6.55,2026_sintese-precos-32.pdf
Gasolina C,2026-08-08,Gasolina A,1.9,6.55,2026_sintese-precos-32.pdf
Gasolina C,2026-08-08,Margem de distribuição e revenda,1.67,6.55,2026_sintese-precos-32.pdf
Gasolina C,2026-08-08,Tributos estaduais,1.57,6.55,2026_sintese-precos-32.pdf
Gasolina C,2026-08-08,Tributos federais,0.67,6.55,2026_sintese-precos-32.pdf
Gasolina C,2026-08-15,Etanol anidro,0.74,6.53,2026_sintese-precos-33.pdf
Gasolina C,2026-08-15,Gasolina A,1.79,6.53,2026_sintese-precos-33.pdf
Gasolina C,2026-08-15,Margem de distribuição e revenda,1.76,6.53,2026_sintese-precos-33.pdf
Gasolina C,2026-08-15,Tributos estaduais,1.57,6.53,2026_sintese-precos-33.pdf
Gasolina C,2026-08-15,Tributos federais,0.67,6.53,2026_sintese-precos-33.pdf
Gasolina C,2026-08-29,Etanol anidro,0.82,6.53,2026_sintese-precos-35.pdf
Gasolina C,2026-08-29,Gasolina A,2.15,6.53,2026_sintese-precos-35.pdf
Gasolina C,2026-08-29,Margem de distribuição e revenda,1.32,6.53,2026_sintese-precos-35.pdf
Gasolina C,2026-08-29,Tributos estaduais,1.57,6.53,2026_sintese-precos-35.pdf
Gasolina C,2026-08-29,Tributos federais,0.67,6.53,2026_sintese-precos-35.pdf
Gasolina C,2026-09-05,Etanol anidro,0.83,6.51,2026_sintese-precos-36.pdf
Gasolina C,2026-09-05,Gasolina A,1.97,6.51,2026_sintese-precos-36.pdf
Gasolina C,2026-09-05,Margem de distribuição e revenda,1.46,6.51,2026_sintese-precos-36.pdf
Gasolina C,2026-09-05,Tributos estaduais,1.57,6.51,2026_sintese-precos-36.pdf
Gasolina C,2026-09-05,Tributos federais,0.67,6.51,2026_sintese-precos-36.pdf
Gasolina C,2026-09-12,Etanol anidro,0.91,6.53,2026_sintese-precos-37.pdf
Gasolina C,2026-09-12,Gasolina A,2.03,6.53,2026_sintese-precos-37.pdf
Gasolina C,2026-09-12,Margem de distribuição e revenda,1.35,6.53,2026_sintese-precos-37.pdf
Gasolina C,2026-09-12,Tributos estaduais,1.57,6.53,2026_sintese-precos-37.pdf
Gasolina C,2026-09-12,Tributos federais,0.67,6.53,2026_sintese-precos-37.pdf
Gasolina C,2026-09-19,Etanol anidro,0.91,6.54,2026_sintese-precos-38.pdf
Gasolina C,2026-09-19,Gasolina A,1.8,6.54,2026_sintese-precos-38.pdf
Gasolina C,2026-09-19,Margem de distribuição e revenda,1.59,6.54,2026_sintese-precos-38.pdf
Gasolina C,2026-09-19,Tributos estaduais,1.57,6.54,2026_sintese-precos-38.pdf
Gasolina C,2026-09-19,Tributos federais,0.67,6.54,2026_sintese-precos-38.pdf
Gasolina C,2026-09-26,Etanol anidro,0.93,6.55,2026_sintese-precos-39.pdf
Gasolina C,2026-09-26,Gasolina A,1.74,6.55,2026_sintese-precos-39.pdf
Gasolina C,2026-09-26,Margem de distribuição e revenda,1.64,6.55,2026_sintese-precos-39.pdf
Gasolina C,2026-09-26,Tributos estaduais,1.57,6.55,2026_sintese-precos-39.pdf
Gasolina C,2026-09-26,Tributos federais,0.67,6.55,2026_sintese-precos-39.pdf
Gasolina C,2026-10-03,Etanol anidro,0.98,6.55,2026_sintese-precos-40.pdf
Gasolina C,2026-10-03,Gasolina A,1.84,6.55,2026_sintese-precos-40.pdf
Gasolina C,2026-10-03,Margem de distribuição e revenda,1.5,6.55,2026_sintese-precos-40.pdf
Gasolina C,2026-10-03,Tributos estaduais,1.57,6.55,2026_sintese-precos-40.pdf
Gasolina C,2026-10-03,Tributos federais,0.67,6.55,2026_sintese-precos-40.pdf
